Date & Time,Page,Report #,AI Decision,Reason,Damages Summary,Images Link,,,,,,
2026-05-22 17:20:27,1,1,NEW_DAMAGE,Found distinct new damages,Fender (Bump/dent) | Door (Scuffed) | Bumper (Scuffed),"=HYPERLINK(""QA_Images\Page_1_Report_1"", ""📁 Open Images"")",,,,,,
2026-05-22 17:21:03,1,2,DISCARD,"Privacy concerns (GDPR) due to reflection of a person in image 1. Additionally, the damage visible in image 0 appears to be an existing registered damage (scuffed on the rear left bumper).",None,"=HYPERLINK(""QA_Images\Page_1_Report_2"", ""📁 Open Images"")",,,,,,
2026-05-22 17:30:08,1,1,NEW_DAMAGE,Found distinct new damages,Side panel (Scuffed),QA_Images\Page_1_Report_1,,,,,,
2026-05-22 17:30:42,1,2,ERROR,Failed to get response from AI.,None,QA_Images\Page_1_Report_2,,,,,,
2026-05-22 17:31:02,1,3,NEW_DAMAGE,Found distinct new damages,Door (Scuffed) | License Plate (Bump/dent) | Bumper (Scuffed),QA_Images\Page_1_Report_3,,,,,,
2026-05-22 17:31:38,1,4,DISCARD,GDPR violation: A person is reflected in the car paint for a minor cosmetic damage (Rule E).,None,QA_Images\Page_1_Report_4,,,,,,
2026-05-22 17:31:52,1,5,NEW_DAMAGE,Found distinct new damages,Bumper (Scuffed),QA_Images\Page_1_Report_5,,,,,,
2026-05-22 17:32:11,1,6,NEW_DAMAGE,"Found distinct new damages, one damage discarded due to GDPR privacy rule.",Bumper (Bump/dent),QA_Images\Page_1_Report_6,,,,,,
2026-05-22 17:32:32,1,7,DISCARD,"Privacy concerns: a person is reflected in the car paint in image 2, where a minor cosmetic damage is observed. (Rule E - GDPR)",None,QA_Images\Page_1_Report_7,,,,,,
2026-05-22 17:32:48,1,8,NEW_DAMAGE,Found distinct new damages,Door (Bump/dent),QA_Images\Page_1_Report_8,,,,,,
2026-05-22 17:33:07,1,9,MANUAL_REVIEW,"Rule A (StVO/Safety): A side panel component is significantly loose/detached, which poses a potential safety hazard and requires immediate attention.",None,QA_Images\Page_1_Report_9,,,,,,
2026-05-22 17:33:20,1,10,DISCARD,"GDPR violation: A person's reflection is clearly visible in the car's exterior mirror, which shows a minor cosmetic damage, requiring the report to be discarded as per Rule E.",None,QA_Images\Page_1_Report_10,,,,,,
2026-05-22 17:33:37,1,11,ERROR,Failed to get response from AI.,None,QA_Images\Page_1_Report_11,,,,,,
2026-05-22 17:33:57,1,12,NEW_DAMAGE,Found distinct new damages,Side panel (Scratched) | Trunklid (Bump/dent),QA_Images\Page_1_Report_12,,,,,,
2026-05-22 17:35:02,1,13,NEW_DAMAGE,Found distinct new damages,Fender (Scuffed),QA_Images\Page_1_Report_13,,,,,,
2026-05-22 17:35:18,1,14,DISCARD,"All visible damages are already registered in the system under various existing damage IDs (52083, 81937, 93246). No distinct new damages were found that are not covered by existing records.",None,QA_Images\Page_1_Report_14,,,,,,
2026-05-22 17:35:33,1,15,ERROR,Failed to get response from AI.,None,QA_Images\Page_1_Report_15,,,,,,
2026-05-22 17:36:02,1,16,NEW_DAMAGE,Found distinct new damages,Door (Scuffed) | Door (Scuffed),QA_Images\Page_1_Report_16,,,,,,
2026-05-22 17:36:25,1,17,NEW_DAMAGE,Found distinct new damages,Door (Scuffed),QA_Images\Page_1_Report_17,,,,,,
2026-05-22 17:36:45,1,18,NEW_DAMAGE,Found distinct new damages,Wheel Cover (Missing),QA_Images\Page_1_Report_18,,,,,,
2026-05-22 17:37:08,1,19,NEW_DAMAGE,Found distinct new damages,Bumper (Bump/dent),QA_Images\Page_1_Report_19,,,,,,
2026-05-22 17:37:54,1,20,NEW_DAMAGE,Found distinct new damages on the rear bumper.,Bumper (Scuffed),QA_Images\Page_1_Report_20,,,,,,
2026-05-22 17:38:11,1,21,DISCARD,"Image 0, showing a minor cosmetic damage on the exterior mirror, contains a clear reflection of a person, triggering Rule E (GDPR). No other distinct new damages are clearly visible in the provided images.",None,QA_Images\Page_1_Report_21,,,,,,
2026-05-22 17:39:04,1,22,NEW_DAMAGE,"Found distinct new damages on the rear bumper (widespread scuffing) and rear left door (scratches), which are not present in the existing registered damages.",Bumper (Scuffed) | Door (Scratch),QA_Images\Page_1_Report_22,,,,,,
2026-05-22 17:39:42,1,23,NEW_DAMAGE,Found distinct new damages,Bumper (Scuffed) | Trunklid (Scratch) | Bumper (Scratch),QA_Images\Page_1_Report_23,,,,,,
2026-05-22 17:40:19,1,24,NEW_DAMAGE,Found distinct new damages on the rear bumper.,Bumper (Bump/dent),QA_Images\Page_1_Report_24,,,,,,
2026-05-22 17:40:41,1,25,DISCARD,"Reflection of a person's legs is visible in the car's paint near the damage, which falls under GDPR policy (Rule E). The damage is cosmetic and not severe enough to override the privacy concern.",None,QA_Images\Page_1_Report_25,,,,,,
2026-05-22 17:40:53,1,26,NEW_DAMAGE,Found distinct new damages,Fender (Bump/dent),QA_Images\Page_1_Report_26,,,,,,
2026-05-22 17:41:12,1,27,NEW_DAMAGE,Found distinct new damages,Bumper (Scratch),QA_Images\Page_1_Report_27,,,,,,
2026-05-22 17:41:33,1,28,ERROR,Failed to get response from AI.,None,QA_Images\Page_1_Report_28,,,,,,
2026-05-22 17:42:03,1,29,MANUAL_REVIEW,"Found distinct new damages requiring manual review based on StVO/safety regulations and severity. The front bumper assembly shows significant breakage, and the front passenger side wheel cover is severely broken.",Bumper (Broken) | Wheel Cover (Broken),QA_Images\Page_1_Report_29,,,,,,
2026-05-22 17:42:12,1,30,NEW_DAMAGE,Found distinct new damages,Bumper (Scuffed),QA_Images\Page_1_Report_30,,,,,,
2026-05-22 17:42:47,1,31,NEW_DAMAGE,"Found distinct new damages on the front left bumper and fender, which were not previously registered.",Bumper (Scuffed),QA_Images\Page_1_Report_31,,,,,,
2026-05-22 17:43:07,1,32,DISCARD,"A person is clearly reflected in the car paint next to the minor cosmetic damage (scratches), which falls under Rule E (GDPR).",None,QA_Images\Page_1_Report_32,,,,,,
2026-05-22 17:43:16,1,33,NEW_DAMAGE,Found distinct new damages,Bumper (Scratch),QA_Images\Page_1_Report_33,,,,,,
2026-05-22 17:43:32,1,34,ERROR,Failed to get response from AI.,None,QA_Images\Page_1_Report_34,,,,,,
2026-05-22 17:44:03,1,35,NEW_DAMAGE,Found distinct new damages,Fender (Bump/dent) | Bumper (Scuffed) | Fender (Bump/dent),QA_Images\Page_1_Report_35,,,,,,
2026-05-22 17:44:43,1,36,DISCARD,Privacy concerns (GDPR reflection of person in car paint/window) for minor cosmetic damage.,None,QA_Images\Page_1_Report_36,,,,,,
2026-05-22 17:44:56,1,37,DISCARD,"Rule E (GDPR): Minor cosmetic damage observed on the side panel/door, but images 0 and 2 contain reflections of a person in the car paint, leading to a GDPR violation. Therefore, the damage report must be discarded.",None,QA_Images\Page_1_Report_37,,,,,,
2026-05-22 17:45:21,1,39,DISCARD,"All visible damages are either already registered or less severe than existing registered damages on the same component and spot, and thus do not constitute a distinct new damage per consolidation rules. No other new distinct damages found.",None,QA_Images\Page_1_Report_39,,,,,,
2026-05-22 17:46:00,1,41,NEW_DAMAGE,Found distinct new damages,Side panel (Scratch),QA_Images\Page_1_Report_41,,,,,,
2026-05-22 17:48:38,1,42,ERROR,Failed to get response from AI.,None,QA_Images\Page_1_Report_42,,,,,,
2026-05-22 17:48:49,1,43,NEW_DAMAGE,Found distinct new damages,Bumper (Scratch),QA_Images\Page_1_Report_43,,,,,,
2026-05-22 17:50:44,1,44,ERROR,Failed to get response from AI.,None,QA_Images\Page_1_Report_44,,,,,,
2026-05-22 17:50:59,1,45,NEW_DAMAGE,Found distinct new damages on the front left fender.,Fender (Bump/dent),QA_Images\Page_1_Report_45,,,,,,
2026-05-22 17:52:54,1,46,DISCARD,"The image solely depicts a dirty car, with no identifiable new damages (scratches, scuffs, dents, etc.) present beneath the layer of dirt.",None,QA_Images\Page_1_Report_46,,,,,,
2026-05-22 17:53:14,1,47,DISCARD,"No distinct new damages were identified after comparison with existing records and applying consolidation rules. A person's reflection is clearly visible in the car's surface, triggering Rule E (GDPR).",None,QA_Images\Page_1_Report_47,,,,,,
2026-05-22 17:53:38,1,48,NEW_DAMAGE,Found distinct new damages,Bumper (Scuffed),QA_Images\Page_1_Report_48,,,,,,
2026-05-22 17:54:03,1,49,NEW_DAMAGE,Found distinct new damages on the passenger side rear.,Side panel (Bump/dent) | Bumper (Scuffed),QA_Images\Page_1_Report_49,,,,,,
2026-05-22 17:54:53,1,50,DISCARD,"A person is reflected in the car paint where the damage is visible, triggering GDPR rule E for minor cosmetic damage. Therefore, the report must be discarded.",None,QA_Images\Page_1_Report_50,,,,,,
2026-05-22 17:55:06,1,51,NEW_DAMAGE,Found distinct new damages,Side panel (Bump/dent),QA_Images\Page_1_Report_51,,,,,,
2026-05-22 17:55:19,1,52,DISCARD,"The visible damage is exclusively on an advertising sticker, which should be ignored according to Rule D.",None,QA_Images\Page_1_Report_52,,,,,,
2026-05-22 17:55:38,1,53,NEW_DAMAGE,Found distinct new damages,Side panel (Scuffed),QA_Images\Page_1_Report_53,,,,,,
2026-05-22 17:56:23,1,1,DISCARD,"Privacy violation (person reflected in car paint/window) for a minor cosmetic damage, as per Rule E.",None,QA_Images\Page_1_Report_1,,,,,,
2026-05-22 17:56:36,1,2,DISCARD,"No distinct new damages identified in the provided images. The car's surface appears clean and undamaged. A person is reflected in image 1, but no associated damage is present.",None,QA_Images\Page_1_Report_2,,,,,,
2026-05-22 17:56:49,1,3,NEW_DAMAGE,Found distinct new damages,Door (Scratch),QA_Images\Page_1_Report_3,,,,,,
2026-05-22 17:57:08,1,4,NEW_DAMAGE,Found distinct new damages,Side panel (Scratch),QA_Images\Page_1_Report_4,,,,,,
2026-05-22 17:57:25,1,5,ERROR,Failed to get response from AI.,None,QA_Images\Page_1_Report_5,,,,,,
2026-05-22 17:57:47,1,6,NEW_DAMAGE,Found distinct new damages,Bumper (Scuffed) | Door (Scratch),QA_Images\Page_1_Report_6,,,,,,
2026-05-22 17:58:30,1,7,NEW_DAMAGE,Found distinct new damages,Side panel (Bump/dent) | Bumper (Scuffed) | Wheel Cover (Missing) | Fender (Scratch) | Wheel rim (Scratch),QA_Images\Page_1_Report_7,,,,,,
2026-05-22 18:06:24,1,1,ERROR,Failed to get response from AI.,None,QA_Images\Page_1_Report_1,,,,,,
2026-05-22 18:06:38,1,2,ERROR,Failed to get response from AI.,None,QA_Images\Page_1_Report_2,,,,,,
2026-05-22 18:06:55,1,3,MANUAL_REVIEW,No reason,None,QA_Images\Page_1_Report_3,,,,,,
2026-05-22 18:07:07,1,4,ERROR,Failed to get response from AI.,None,QA_Images\Page_1_Report_4,,,,,,
2026-05-22 18:07:16,1,5,DISCARD,No reason,None,QA_Images\Page_1_Report_5,,,,,,
2026-05-22 18:07:18,1,6,DISCARD,No valid images found in API JSON data.,None,QA_Images\Page_1_Report_6,,,,,,
2026-05-22 18:07:38,1,7,MANUAL_REVIEW,No reason,None,QA_Images\Page_1_Report_7,,,,,,
2026-05-22 18:07:48,1,8,DISCARD,No reason,None,QA_Images\Page_1_Report_8,,,,,,
2026-05-22 18:08:17,1,9,NEW_DAMAGE,No reason,None,QA_Images\Page_1_Report_9,,,,,,
2026-05-22 18:08:30,1,10,DISCARD,No reason,None,QA_Images\Page_1_Report_10,,,,,,
2026-05-22 18:08:48,1,11,NEW_DAMAGE,No reason,None,QA_Images\Page_1_Report_11,,,,,,
2026-05-22 18:09:01,1,12,NEW_DAMAGE,No reason,None,QA_Images\Page_1_Report_12,,,,,,
2026-05-22 18:09:21,1,13,MANUAL_REVIEW,No reason,None,QA_Images\Page_1_Report_13,,,,,,
2026-05-22 18:09:34,1,14,ERROR,Failed to get response from AI.,None,QA_Images\Page_1_Report_14,,,,,,
2026-05-22 18:09:54,1,15,MANUAL_REVIEW,No reason,None,QA_Images\Page_1_Report_15,,,,,,
2026-05-22 18:10:14,1,16,DISCARD,No reason,None,QA_Images\Page_1_Report_16,,,,,,
2026-05-22 18:10:32,1,17,ERROR,Failed to get response from AI.,None,QA_Images\Page_1_Report_17,,,,,,
2026-05-22 18:11:07,1,18,MANUAL_REVIEW,No reason,None,QA_Images\Page_1_Report_18,,,,,,
2026-05-22 18:11:34,1,19,MANUAL_REVIEW,No reason,None,QA_Images\Page_1_Report_19,,,,,,
2026-05-22 18:11:52,1,20,DISCARD,"Rule E: A person is clearly reflected in the car's paintwork, and the visible damage is minor and cosmetic. According to the critical exceptions, such reports must be discarded for privacy reasons.",None,QA_Images\Page_1_Report_20,,,,,,
2026-05-22 18:12:17,1,21,NEW_DAMAGE,No reason,None,QA_Images\Page_1_Report_21,,,,,,
2026-05-22 18:13:01,1,22,NEW_DAMAGE,No reason,None,QA_Images\Page_1_Report_22,,,,,,
2026-05-22 18:13:30,1,23,ERROR,Failed to get response from AI.,None,QA_Images\Page_1_Report_23,,,,,,
2026-05-22 18:13:55,1,24,MANUAL_REVIEW,No reason,None,QA_Images\Page_1_Report_24,,,,,,
2026-05-22 18:15:05,1,25,MANUAL_REVIEW,No reason,None,QA_Images\Page_1_Report_25,,,,,,
2026-05-22 18:15:35,1,26,ERROR,Failed to get response from AI.,None,QA_Images\Page_1_Report_26,,,,,,
2026-05-22 18:15:54,1,27,MANUAL_REVIEW,No reason,None,QA_Images\Page_1_Report_27,,,,,,
2026-05-22 18:16:11,1,28,DISCARD,No reason,None,QA_Images\Page_1_Report_28,,,,,,
2026-05-22 18:16:26,1,29,DISCARD,"Rule E (GDPR): A person's foot/shoe is reflected in the car paint, and the visible damage is a minor cosmetic scratch.",None,QA_Images\Page_1_Report_29,,,,,,
2026-05-22 18:16:40,1,30,DISCARD,"GDPR violation: A person's reflection is clearly visible in the car's paintwork, and the damage is minor cosmetic (scratches/scuffs on the engine hood).",None,QA_Images\Page_1_Report_30,,,,,,
2026-05-22 18:16:51,1,31,MANUAL_REVIEW,No reason,None,QA_Images\Page_1_Report_31,,,,,,
2026-05-22 18:17:02,1,32,NEW_DAMAGE,No reason,None,QA_Images\Page_1_Report_32,,,,,,
2026-05-22 18:17:14,1,33,NEW_DAMAGE,No reason,None,QA_Images\Page_1_Report_33,,,,,,
2026-05-22 18:17:43,1,34,ERROR,Failed to get response from AI.,None,QA_Images\Page_1_Report_34,,,,,,
2026-05-22 18:17:54,1,35,ERROR,Failed to get response from AI.,None,QA_Images\Page_1_Report_35,,,,,,
2026-05-22 18:18:23,1,36,NEW_DAMAGE,No reason,None,QA_Images\Page_1_Report_36,,,,,,
2026-05-22 18:18:45,1,37,DISCARD,No reason,None,QA_Images\Page_1_Report_37,,,,,,
2026-05-22 18:19:06,1,38,MANUAL_REVIEW,No reason,None,QA_Images\Page_1_Report_38,,,,,,
2026-05-22 18:19:12,1,39,NEW_DAMAGE,No reason,None,QA_Images\Page_1_Report_39,,,,,,
2026-05-22 18:19:29,1,40,MANUAL_REVIEW,No reason,None,QA_Images\Page_1_Report_40,,,,,,
2026-05-22 18:19:45,1,41,,No reason,None,QA_Images\Page_1_Report_41,,,,,,
2026-05-22 18:20:29,1,1,NEW_DAMAGE,No reason,None,QA_Images\Page_1_Report_1,,,,,,
2026-05-22 18:20:45,1,2,NEW_DAMAGE,No reason,None,QA_Images\Page_1_Report_2,,,,,,
2026-05-22 18:20:53,1,3,MANUAL_REVIEW,No reason,None,QA_Images\Page_1_Report_3,,,,,,
2026-05-22 18:21:14,1,4,NEW_DAMAGE,No reason,None,QA_Images\Page_1_Report_4,,,,,,
2026-05-22 18:22:18,1,1,DISCARD,"No distinct new damages identified on the car's body or components; visible imperfections are either reflections, dirt, or on advertising stickers which are to be ignored per Rule D.",None,QA_Images\Page_1_Report_1,,,,,,
2026-05-22 18:22:37,1,2,NEW_DAMAGE,Found distinct new damages,Fender (Scuffed) | Bumper (Scuffed),QA_Images\Page_1_Report_2,,,,,,
2026-05-22 18:22:57,1,3,MANUAL_REVIEW,Rule B (Vandalism): Graffiti/paint vandalism detected on the driver's side doors and side panel in image 1. This requires manual review.,None,QA_Images\Page_1_Report_3,,,,,,
2026-05-22 18:23:09,1,4,NEW_DAMAGE,Found distinct new damages,Fender (Bump/dent),QA_Images\Page_1_Report_4,,,,,,
2026-05-22 18:23:33,1,5,NEW_DAMAGE,Found distinct new damages,Bumper (Bump/dent),QA_Images\Page_1_Report_5,,,,,,
2026-05-22 18:23:50,1,6,NEW_DAMAGE,Found distinct new damages,Bumper (Bump/dent),QA_Images\Page_1_Report_6,,,,,,
2026-05-22 18:24:11,1,7,MANUAL_REVIEW,"Found new damage classified as 'Broken' on the bumper, which requires manual review according to Rule A for potentially compromised components.",None,QA_Images\Page_1_Report_7,,,,,,
2026-05-22 18:24:25,1,8,NEW_DAMAGE,Found distinct new damages,Trunklid (Bump/dent),QA_Images\Page_1_Report_8,,,,,,
2026-05-22 18:24:44,1,9,DISCARD,"GDPR violation detected in image 1 (reflection of person taking photo) for minor cosmetic damages, which triggers the 'DISCARD' rule for the entire report.",None,QA_Images\Page_1_Report_9,,,,,,
2026-05-22 18:25:03,1,10,MANUAL_REVIEW,"The images show a significant structural misalignment/separation of a body panel on the Passenger Side - Front (fender/bumper area). This issue is not considered minor cosmetic damage and may require further inspection for safety or functional integrity, thus warranting a manual review. Although a person is reflected in the images, Rule E (GDPR) applies specifically to 'minor cosmetic damage', which this is not.",None,QA_Images\Page_1_Report_10,,,,,,
2026-05-22 18:25:24,1,11,MANUAL_REVIEW,Potential vandalism (paint splatter) on the front right fender. Rule B (Vandalism) applies.,Fender (Otherwise damaged),QA_Images\Page_1_Report_11,,,,,,
2026-05-22 18:25:35,1,12,NEW_DAMAGE,Found distinct new damages,Bumper (Scuffed),QA_Images\Page_1_Report_12,,,,,,
2026-05-22 18:25:54,1,13,NEW_DAMAGE,Found distinct new damages,Bumper (Scuffed),QA_Images\Page_1_Report_13,,,,,,
2026-05-22 18:26:28,1,14,MANUAL_REVIEW,"Found distinct new damages, including a broken exterior mirror which requires manual review as per Rule A (StVO/Safety).",Exterior mirror (Broken) | Door (Bump/dent) | Door (Scratch),QA_Images\Page_1_Report_14,,,,,,
2026-05-22 18:26:52,1,15,NEW_DAMAGE,Found distinct new damages,Door (Bump/dent) | Bumper (Scuffed) | Wheel rim (Scuffed) | Bumper (Scuffed) | Wheel rim (Scuffed),QA_Images\Page_1_Report_15,,,,,,
2026-05-22 18:27:47,1,16,MANUAL_REVIEW,"Rule A: The lower side panel/bumper component on the Driver Side - Rear is detached and hanging, which requires manual review for safety.",Side panel (Broken),QA_Images\Page_1_Report_16,,,,,,
2026-05-22 18:28:16,1,17,MANUAL_REVIEW,"Found distinct new damages, one of which requires manual review due to a severely damaged/missing rocker panel trim exposing internal elements, potentially a safety concern.",Door (Bump/dent) | Side panel (Missing),QA_Images\Page_1_Report_17,,,,,,
2026-05-22 18:28:32,1,18,ERROR,Failed to get response from AI.,None,QA_Images\Page_1_Report_18,,,,,,
2026-05-22 18:28:51,1,19,NEW_DAMAGE,Found distinct new damages,Bumper (Bump/dent) | Fender (Bump/dent),QA_Images\Page_1_Report_19,,,,,,
2026-05-22 18:29:27,1,20,NEW_DAMAGE,Found distinct new damages that are not present or are more severe than existing registered damages.,Bumper (Bump/dent) | Bumper (Scuffed) | Bumper (Scuffed),QA_Images\Page_1_Report_20,,,,,,
2026-05-22 18:30:03,1,21,NEW_DAMAGE,Found distinct new damages,Bumper (Scuffed),QA_Images\Page_1_Report_21,,,,,,
2026-05-22 18:30:22,1,22,NEW_DAMAGE,Found distinct new damages,Fender (Bump/dent),QA_Images\Page_1_Report_22,,,,,,
2026-05-22 18:30:54,1,23,MANUAL_REVIEW,"Broken exterior mirror detected on the Driver Side - Front, requiring manual review as per Rule A (StVO/Safety).",None,QA_Images\Page_1_Report_23,,,,,,
2026-05-22 18:31:17,1,24,NEW_DAMAGE,Found distinct new damages,Trunklid (Bump/dent) | Roof (Bump/dent),QA_Images\Page_1_Report_24,,,,,,
2026-05-22 18:31:47,1,25,ERROR,Failed to get response from AI.,None,QA_Images\Page_1_Report_25,,,,,,
2026-05-22 18:31:57,1,26,ERROR,Failed to get response from AI.,None,QA_Images\Page_1_Report_26,,,,,,
2026-05-22 18:32:19,1,27,MANUAL_REVIEW,"The lower side panel trim is significantly loose and deformed, requiring human assessment for safety and proper repair evaluation.",Side panel (Loose),QA_Images\Page_1_Report_27,,,,,,
2026-05-22 18:32:33,1,28,ERROR,Failed to get response from AI.,None,QA_Images\Page_1_Report_28,,,,,,
2026-05-22 18:32:49,1,29,ERROR,Failed to get response from AI.,None,QA_Images\Page_1_Report_29,,,,,,
2026-05-22 18:33:09,1,30,MANUAL_REVIEW,"Found distinct new damages, one of which involves a severely damaged bumper and compromised parking sensor, requiring manual review for safety and extensive repair assessment.",Bumper (Bump/dent) | Side panel (Scuffed),QA_Images\Page_1_Report_30,,,,,,
2026-05-22 18:33:25,1,31,MANUAL_REVIEW,"Safety-critical damage found: The front-left fender component is broken and torn at the junction with the bumper, creating a significant gap and structural compromise. This aligns with Rule A (StVO/Safety) for damages requiring human intervention due to potential safety implications.",None,QA_Images\Page_1_Report_31,,,,,,
2026-05-22 18:33:38,1,32,ERROR,Failed to get response from AI.,None,QA_Images\Page_1_Report_32,,,,,,
2026-05-22 18:33:53,1,33,MANUAL_REVIEW,"The images show severe impact damage to the Passenger Side - Front, affecting both the bumper/fender area (Image 0) and causing the side panel/rocker panel to become loose/detached (Image 1). This level of damage indicates a significant collision (Rule F) and involves a severely deformed/potentially 'hanging' bumper area (Rule A), requiring expert assessment for safety and structural integrity.",None,QA_Images\Page_1_Report_33,,,,,,
2026-05-22 18:34:09,1,34,DISCARD,All visible new damages contain reflections of a person for minor cosmetic damage (Rule E) or correspond to existing registered damages.,None,QA_Images\Page_1_Report_34,,,,,,
2026-05-22 18:34:34,1,35,ERROR,Failed to get response from AI.,None,QA_Images\Page_1_Report_35,,,,,,
2026-05-22 18:34:44,1,36,ERROR,Failed to get response from AI.,None,QA_Images\Page_1_Report_36,,,,,,
2026-05-22 18:34:55,1,37,ERROR,Failed to get response from AI.,None,QA_Images\Page_1_Report_37,,,,,,
2026-05-22 18:35:12,1,38,NEW_DAMAGE,Found distinct new damages on the rear bumper.,Bumper (Scuffed),QA_Images\Page_1_Report_38,,,,,,
2026-05-22 18:35:43,1,39,ERROR,Failed to get response from AI.,None,QA_Images\Page_1_Report_39,,,,,,
2026-05-22 18:36:04,1,40,NEW_DAMAGE,Found distinct new damages not present in the existing registered damages.,Trunklid (Bump/dent) | Bumper (Scuffed),QA_Images\Page_1_Report_40,,,,,,
2026-05-22 18:36:29,1,41,NEW_DAMAGE,Found distinct new damages,Bumper (Scuffed),QA_Images\Page_1_Report_41,,,,,,
2026-05-22 18:36:45,1,42,ERROR,Failed to get response from AI.,None,QA_Images\Page_1_Report_42,,,,,,
2026-05-22 18:37:05,1,43,ERROR,Failed to get response from AI.,None,QA_Images\Page_1_Report_43,,,,,,
2026-05-22 18:37:18,1,44,ERROR,Failed to get response from AI.,None,QA_Images\Page_1_Report_44,,,,,,
2026-05-22 18:37:39,1,45,DISCARD,"All visible damages are already registered, or there are no new damages.",None,QA_Images\Page_1_Report_45,,,,,,
2026-05-22 18:37:50,1,46,DISCARD,GDPR violation: A person is clearly reflected in the car's surface for a minor cosmetic damage (scratches on front left bumper).,None,QA_Images\Page_1_Report_46,,,,,,
2026-05-22 18:38:05,1,47,NEW_DAMAGE,"Found distinct new damages: extensive scuffing and scratching on the rear left bumper, exceeding the severity of previously registered damages for this component.",Bumper (Scuffed),QA_Images\Page_1_Report_47,,,,,,
2026-05-22 18:38:36,1,48,ERROR,Failed to get response from AI.,None,QA_Images\Page_1_Report_48,,,,,,
2026-05-22 18:38:51,1,49,ERROR,Failed to get response from AI.,None,QA_Images\Page_1_Report_49,,,,,,
2026-05-22 18:39:02,1,50,ERROR,Failed to get response from AI.,None,QA_Images\Page_1_Report_50,,,,,,
2026-05-22 18:39:27,1,51,ERROR,Failed to get response from AI.,None,QA_Images\Page_1_Report_51,,,,,,
2026-05-22 18:39:49,1,52,DISCARD,Privacy issue: a person is clearly reflected in the car paint/windows for a minor cosmetic damage (Rule E). No distinct new damages found that override this rule or registered existing damages. The existing damage registered on the 'FRONT_LEFT FENDER' is not visible in this image. Minor scuffs observed are subject to GDPR rule.,None,QA_Images\Page_1_Report_52,,,,,,
2026-05-22 18:40:00,1,53,DISCARD,"All visible damages appear to be pre-existing and registered in the system, or are not distinct new damages.",None,QA_Images\Page_1_Report_53,,,,,,
2026-05-22 18:40:36,1,54,ERROR,Failed to get response from AI.,None,QA_Images\Page_1_Report_54,,,,,,
2026-05-22 18:40:49,1,55,DISCARD,"Privacy issue detected: A person is clearly reflected in the car's paintwork in close proximity to the minor cosmetic damage, according to Rule E.",None,QA_Images\Page_1_Report_55,,,,,,
2026-05-22 19:02:15,1,1,NEW_DAMAGE,Found distinct new damages,Bumper (Bump/dent),QA_Images\Page_1_Report_1,,,,,,
2026-05-22 19:02:37,1,2,MANUAL_REVIEW,"Significant damage to the front grille/bumper area, with broken and missing plastic components, which requires manual review according to Rule A (StVO/Safety) due to potential compromise of bumper integrity or exposed internal components.",None,QA_Images\Page_1_Report_2,,,,,,
2026-05-22 19:03:02,1,3,NEW_DAMAGE,Found distinct new damages,Door (Scuffed),QA_Images\Page_1_Report_3,,,,,,
2026-05-22 19:03:25,1,4,NEW_DAMAGE,Found distinct new damages,Bumper (Scuffed),QA_Images\Page_1_Report_4,,,,,,
2026-05-22 19:03:44,1,5,ERROR,Failed to get response from AI.,None,QA_Images\Page_1_Report_5,,,,,,
2026-05-22 19:03:55,1,6,NEW_DAMAGE,Found distinct new damages,Bumper (Scuffed),QA_Images\Page_1_Report_6,,,,,,
2026-05-22 19:04:08,1,7,DISCARD,"GDPR violation: A person's reflection (hands and torso) is clearly visible in the car's paint near the minor cosmetic damage, as per Rule E.",None,QA_Images\Page_1_Report_7,,,,,,
2026-05-22 19:04:30,1,8,NEW_DAMAGE,Found distinct new damages,Bumper (Scuffed),QA_Images\Page_1_Report_8,,,,,,
2026-05-22 19:04:52,1,9,MANUAL_REVIEW,"Graffiti/paint vandalism detected on the vehicle, requiring human intervention according to Rule B.",None,QA_Images\Page_1_Report_9,,,,,,
2026-05-22 19:05:10,1,10,MANUAL_REVIEW,"The rear bumper on the passenger side is severely loose and hanging, as visible in image 0. This constitutes a safety concern (Rule A - StVO/Safety) and requires manual review.",None,QA_Images\Page_1_Report_10,,,,,,
2026-05-22 19:05:22,1,11,NEW_DAMAGE,Found distinct new damages,Fender (Scuffed),QA_Images\Page_1_Report_11,,,,,,
2026-05-22 19:05:41,1,12,MANUAL_REVIEW,Broken and partially detached plastic trim on the front bumper (Passenger Side - Front) may pose a safety risk (potential to fall off) or require professional assessment beyond a standard cosmetic repair. This falls under Rule A for StVO/Safety concerns.,None,QA_Images\Page_1_Report_12,,,,,,
2026-05-22 19:06:05,1,13,NEW_DAMAGE,Found distinct new damages,Bumper (Scuffed) | Door (Scratch) | Door (Scratch),QA_Images\Page_1_Report_13,,,,,,
2026-05-22 19:06:49,1,14,ERROR,Failed to get response from AI.,None,QA_Images\Page_1_Report_14,,,,,,
2026-05-22 19:07:06,1,15,MANUAL_REVIEW,"Severe impact damage on the front fender and door, indicating a potential collision (Rule F). The damage involves a significant dent/crumpling of the body panel, and appears to have white paint transfer/residue, requiring further investigation beyond a standard damage report.",None,QA_Images\Page_1_Report_15,,,,,,
2026-05-22 19:07:22,1,16,NEW_DAMAGE,Found distinct new damages on the fender.,Fender (Scuffed),QA_Images\Page_1_Report_16,,,,,,
2026-05-22 19:07:45,1,17,MANUAL_REVIEW,Broken exterior mirror detected on the driver's side (Rule A: StVO/Safety).,None,QA_Images\Page_1_Report_17,,,,,,
2026-05-22 19:08:04,1,18,NEW_DAMAGE,Found distinct new damages,Bumper (Missing),QA_Images\Page_1_Report_18,,,,,,
2026-05-22 19:08:39,1,19,NEW_DAMAGE,Found distinct new damages that are more severe or of a different type than existing registrations.,Side panel (Bump/dent) | Side panel (Missing),QA_Images\Page_1_Report_19,,,,,,
2026-05-22 19:09:08,1,20,MANUAL_REVIEW,"Found new damages, one of which (loose bumper) requires manual review due to safety/structural concerns (Rule A).",Door (Scratch) | Bumper (Loose),QA_Images\Page_1_Report_20,,,,,,
2026-05-22 19:09:37,1,21,ERROR,Failed to get response from AI.,None,QA_Images\Page_1_Report_21,,,,,,
2026-05-22 19:10:05,1,22,NEW_DAMAGE,Found distinct new damages,Door (Scratch),QA_Images\Page_1_Report_22,,,,,,
2026-05-22 19:10:32,1,23,MANUAL_REVIEW,"The exterior mirror on the Driver Side - Front is taped up, indicating a broken or structurally compromised condition, which falls under Rule A (StVO/Safety) requiring a MANUAL_REVIEW. Other visible damages (dent/scratches on the Driver Side - Front fender) are already registered, and the rust spots on the hood cannot be classified as 'Hood' is not an allowed component.",Exterior mirror (Broken),QA_Images\Page_1_Report_23,,,,,,
2026-05-22 19:10:54,1,24,MANUAL_REVIEW,"The vehicle exhibits severe damages to critical components. The front-left bumper and fender area (visible in Image 0) show extensive crumpling, bending, and potential tearing, indicating a structural compromise that necessitates manual review. Similarly, the rear bumper (visible in Image 3) is significantly bent inwards and scuffed, also requiring expert assessment beyond standard cosmetic repair classification. These issues fall under StVO/Safety Rule A, which mandates 'MANUAL_REVIEW' for hanging or severely compromised bumpers.",None,QA_Images\Page_1_Report_24,,,,,,
2026-05-22 19:11:11,1,25,DISCARD,"Reflections of a person (hand/arm holding a phone) are clearly visible in multiple images (e.g., Image 2) showing minor cosmetic damage, triggering Rule E (GDPR).",None,QA_Images\Page_1_Report_25,,,,,,
2026-05-22 19:11:22,1,26,NEW_DAMAGE,Found distinct new damages,Side panel (Scuffed),QA_Images\Page_1_Report_26,,,,,,
2026-05-22 19:11:51,1,27,MANUAL_REVIEW,"The image shows a significant misalignment and a loose body panel (fender) with a wide gap near what appears to be a headlight. This type of damage, where a component is loose and creating a structural gap, can pose a safety risk or escalate into a hanging component. Therefore, it requires manual review as per Rule A (StVO/Safety).",None,QA_Images\Page_1_Report_27,,,,,,
2026-05-22 19:12:08,1,28,DISCARD,No distinct new damages were identified. All visible marks correspond to existing registered damages or are not clear enough to classify as new damages. Image 1 shows an existing damage on the rear bumper. Image 3 contains a person's reflection where no new damage is visible.,None,QA_Images\Page_1_Report_28,,,,,,
2026-05-22 19:12:20,1,29,NEW_DAMAGE,Found distinct new damages,Side panel (Scuffed),QA_Images\Page_1_Report_29,,,,,,
2026-05-22 19:12:39,1,30,DISCARD,"All visible damages in the image are already registered in the existing damages list. Specifically, the scuffing/scratching on the Driver Side - Rear Bumper matches existing entries for 'SCUFFED' and 'SCRATCH' with 'TWO_HANDS' significance on the same component and spot.",None,QA_Images\Page_1_Report_30,,,,,,
2026-05-22 19:12:59,1,31,MANUAL_REVIEW,"The side panel on the driver's side is significantly loose and bent outwards (Image 1), indicating structural deformation. Additionally, the front bumper on the driver's side has a severe bump/dent with paint damage close to the headlight (Image 0). These damages exceed minor cosmetic issues and represent potential safety hazards or require complex repairs, thus warranting manual review as per Rule A (structural compromise resembling a 'hanging bumper').",None,QA_Images\Page_1_Report_31,,,,,,
2026-05-22 19:13:11,1,32,NEW_DAMAGE,Found distinct new damages not present in the registered list.,Fender (Scratch),QA_Images\Page_1_Report_32,,,,,,
2026-05-22 19:14:03,1,33,NEW_DAMAGE,Found distinct new damages,Bumper (Bump/dent),QA_Images\Page_1_Report_33,,,,,,
2026-05-22 19:14:30,1,34,MANUAL_REVIEW,Broken exterior mirror requiring manual safety assessment.,Exterior mirror (Broken) | Trunklid (Bump/dent) | Trunklid (Bump/dent),QA_Images\Page_1_Report_34,,,,,,
2026-05-22 21:25:44,1,35,ERROR,Failed to get response from AI.,None,QA_Images\Page_1_Report_35,,,,,,
2026-05-22 22:26:44,1,1,DISCARD,"No new damage identified. The wheel cover has minor scratches which must be ignored according to Rule C, and there are no other visible damages on the body panel.",None,QA_Images\Page_1_Report_1,,,,,,
2026-05-22 22:26:52,1,2,DISCARD,"All visible damages in the image, specifically the missing wheel cover on the front right wheel and the scuff marks on the front right bumper, are already registered (IDs 61861 and 64657 respectively). No new damage is detected.",None,QA_Images\Page_1_Report_2,,,,,,
2026-05-22 22:27:06,1,3,DISCARD,"All visible damages in the provided images are already registered in the system. The bent front license plate in Image 1 is already registered under ID 83190 (FRONT_LEFT LICENSE_PLATE BUMP_DENT), and the scuffs on the left side doors in Image 2 are already registered under ID 68075 (REAR_LEFT DOOR SCUFFED). Image 0 shows only dirt and dust with no new damage.",None,QA_Images\Page_1_Report_3,,,,,,
2026-05-22 22:27:16,1,4,DISCARD,"All visible damages in the image, including the scuffs/scratches on the front-left bumper and the front-left wheel rim, are already registered in the system (IDs 91971, 91972, and 94947).",None,QA_Images\Page_1_Report_4,,,,,,
2026-05-22 22:27:32,1,5,NEW_DAMAGE,Found a distinct new scratch on the passenger side rear bumper corner in image 2 that is not currently registered in the existing damages list.,Bumper (Scratch),QA_Images\Page_1_Report_5,,,,,,
2026-05-22 22:28:00,1,6,DISCARD,"A person is clearly reflected in the glossy paint of the vehicle in several images (specifically images 0, 1, and 3) showing minor cosmetic damages. Under GDPR and company privacy regulations (Rule E), these images must be discarded to prevent the storage of personally identifiable information.",None,QA_Images\Page_1_Report_6,,,,,,
2026-05-22 22:28:11,1,7,MANUAL_REVIEW,"The exterior mirror on the passenger side is broken/shattered, which is a safety hazard under StVO regulations and requires manual review.",Exterior mirror (Broken),QA_Images\Page_1_Report_7,,,,,,
2026-05-22 22:28:27,1,8,NEW_DAMAGE,"Detected a new dent on the driver side front roof frame/roof line, which is not listed in the existing registered damages.",Roof (Bump/dent),QA_Images\Page_1_Report_8,,,,,,
2026-05-22 22:28:43,1,9,DISCARD,"The image contains a highly recognizable reflection of a person's face in the rear side window. In accordance with Rule E (GDPR), images showing a person's reflection for minor cosmetic damages must be discarded.",None,QA_Images\Page_1_Report_9,,,,,,
2026-05-22 22:29:02,1,10,MANUAL_REVIEW,"Vandalism detected (the MILES branding logo on the driver side in Image 1 has been altered to 'MILFS'). Additionally, there is severe unregistered collision damage to the lower side panel on the driver side.",Side panel (Bump/dent) | Side panel (Bump/dent) | Trunklid (Bump/dent),QA_Images\Page_1_Report_10,,,,,,
2026-05-22 22:29:24,1,11,DISCARD,"All images either show existing registered damages (Front-Left Fender scratch, Front-Right Bumper scuff, Rear-Left Bumper scratch) or contain GDPR privacy issues (Image 0 has clear reflections of people's faces in the window/B-pillar area).",None,QA_Images\Page_1_Report_11,,,,,,
2026-05-22 22:29:43,1,12,NEW_DAMAGE,"Found distinct new scuffing damage on the rear bumper (passenger side - rear) in image 2, which is not registered in the existing damages.",Bumper (Scuffed),QA_Images\Page_1_Report_12,,,,,,
2026-05-22 22:30:07,1,13,NEW_DAMAGE,Identified a new dent on the front passenger door and scuffing on the front passenger wheel rim.,Door (Bump/dent) | Wheel rim (Scuffed),QA_Images\Page_1_Report_13,,,,,,
2026-05-22 22:30:47,1,14,NEW_DAMAGE,"Detected a new scratch/scuff on the front bumper on the passenger side (next to the emblem), which is not covered by the existing front-left bumper or front-right fender registrations.",Bumper (Scratch),QA_Images\Page_1_Report_14,,,,,,
2026-05-22 22:31:04,1,15,NEW_DAMAGE,Found a new distinct dent on the driver's side front fender that is not registered in the existing damages database.,Fender (Bump/dent),QA_Images\Page_1_Report_15,,,,,,
2026-05-22 22:31:19,1,16,DISCARD,"The visible scratch on the driver side front bumper (front-left bumper) is already registered under existing damage ID 92955. Additionally, the image contains a clear reflection of a person in the glossy black paint, which triggers the GDPR privacy discard rule for minor cosmetic damages.",None,QA_Images\Page_1_Report_16,,,,,,
2026-05-22 22:31:34,1,17,MANUAL_REVIEW,"The front bumper on the passenger side is detached/loose from its mounting clips at the wheel arch. According to Rule A, hanging or loose bumpers require manual review for roadworthiness/safety.",Bumper (Loose),QA_Images\Page_1_Report_17,,,,,,
2026-05-22 22:31:45,1,18,DISCARD,"A person's reflection (legs and shoes) is clearly visible in the car's glossy paint in both images, violating GDPR privacy guidelines (Rule E) for reporting minor cosmetic damages.",None,QA_Images\Page_1_Report_18,,,,,,
2026-05-22 22:31:52,1,19,DISCARD,"A person's body and clothing are clearly reflected in the car paint for a minor cosmetic damage, which violates GDPR guidelines (Rule E).",None,QA_Images\Page_1_Report_19,,,,,,
2026-05-22 22:32:03,1,20,NEW_DAMAGE,Found a new bump/dent on the trunklid that is not registered in the existing damages list.,Trunklid (Bump/dent),QA_Images\Page_1_Report_20,,,,,,
2026-05-22 22:32:33,1,21,NEW_DAMAGE,"Detected a new scratch on the rear door of the driver's side (Image 2), which is not listed in the existing registered damages.",Door (Scratch),QA_Images\Page_1_Report_21,,,,,,
2026-05-22 22:32:51,1,22,DISCARD,"A highly recognizable person is clearly reflected in the car's gloss paint above the logo, violating GDPR guidelines (Rule E).",None,QA_Images\Page_1_Report_22,,,,,,
2026-05-22 22:33:02,1,23,DISCARD,"The damage shown in Image 0 is already registered under ID 93094 (FRONT_RIGHT, BUMPER, SCUFFED). Image 1 does not show any distinct new damage, and contains a clear reflection of a person (Rule E - GDPR), requiring the report to be discarded.",None,QA_Images\Page_1_Report_23,,,,,,
2026-05-22 22:33:19,1,24,DISCARD,"All images contain either existing registered damages, minor ignored wear-and-tear, or privacy concerns. Image 0 shows the front right bumper, which already has registered scuffs and scratches (IDs 65928, 91813), and minor wheel cover scratches that are ignored. Image 1 contains a minor scratch on the hood (not an eligible component) and a clear reflection of a person, triggering Rule E (GDPR discard). Image 2 shows a negligible door edge paint chip which is considered normal wear and tear.",None,QA_Images\Page_1_Report_24,,,,,,
2026-05-22 22:33:33,1,25,DISCARD,The scratch on the rear right fender/fuel cap area in Image 0 is already registered (IDs 70760 and 77508 for REAR_RIGHT FENDER SCRATCH/SCUFFED). Image 1 does not show any visible new damage.,None,QA_Images\Page_1_Report_25,,,,,,
2026-05-22 22:33:48,1,26,MANUAL_REVIEW,"The front passenger-side bumper is hanging and detached from the fender, presenting an active road safety (StVO) hazard under Rule A.",Bumper (Loose),QA_Images\Page_1_Report_26,,,,,,
2026-05-22 22:33:55,1,27,DISCARD,"The images contain a clear, recognizable reflection of a person in the car's glossy paint, which violates privacy guidelines (Rule E / GDPR) for reporting minor cosmetic damage.",None,QA_Images\Page_1_Report_27,,,,,,
2026-05-22 22:34:13,1,28,NEW_DAMAGE,"Found a new scratch on the front passenger-side bumper, which is not registered in the existing damages.",Bumper (Scratch),QA_Images\Page_1_Report_28,,,,,,
2026-05-22 22:34:34,1,29,MANUAL_REVIEW,"The passenger-side exterior mirror housing is broken and hanging/detached (demonstrated by hand in image 0), which constitutes a safety/StVO concern under Rule A.",Exterior mirror (Broken) | Door (Scratch),QA_Images\Page_1_Report_29,,,,,,
2026-05-22 22:35:00,1,30,MANUAL_REVIEW,"Severe collision damage detected on the driver's side rear with broken/hanging side panel trim and a detached bumper corner, which requires manual safety and StVO compliance review.",Side panel (Broken) | Side panel (Bump/dent),QA_Images\Page_1_Report_30,,,,,,
2026-05-22 22:35:24,1,31,NEW_DAMAGE,Detected a new damage on the front driver's side (Image 2) where the plastic fender/wheel arch trim is loose/detached from the panel bumper connection.,Fender (Loose),QA_Images\Page_1_Report_31,,,,,,
2026-05-22 22:35:41,1,32,DISCARD,"The only visible damage in the image is the scuffing along the edge of the engine hood, which is already registered under ID 90860.",None,QA_Images\Page_1_Report_32,,,,,,
2026-05-22 22:36:07,1,33,MANUAL_REVIEW,"The rear bumper is cracked, broken, and hanging down on the driver's side rear (left side) as seen in image 3, which requires manual review under Rule A (StVO/Safety). Additionally, there is severe unregistered damage to the front-left fender in image 0.",Bumper (Broken) | Fender (Bump/dent),QA_Images\Page_1_Report_33,,,,,,
2026-05-22 22:36:24,1,34,MANUAL_REVIEW,"The lower plastic trim of the rear bumper is detached and hanging (Passenger Side - Rear), which requires a safety review under StVO/Safety Rule A.",Bumper (Loose),QA_Images\Page_1_Report_34,,,,,,
2026-05-22 22:36:45,1,35,NEW_DAMAGE,Found distinct new damage on the front driver-side bumper where the corner panel has popped out and is loose at the fender seam.,Bumper (Loose),QA_Images\Page_1_Report_35,,,,,,
2026-05-22 22:37:05,1,36,MANUAL_REVIEW,"Bumper is cracked/broken and temporarily fixed with a screw (hanging bumper risk), and the lower side panel/sill trim is loose/hanging.",Bumper (Broken) | Side panel (Loose),QA_Images\Page_1_Report_36,,,,,,
2026-05-22 22:37:15,1,37,DISCARD,"A person is clearly reflected in the car paint across the images (particularly in the top-left of Image 0 and on the panel in Image 1) showing minor cosmetic scratches, which requires a discard under the GDPR privacy rule (Rule E).",None,QA_Images\Page_1_Report_37,,,,,,
2026-05-22 22:37:32,1,38,MANUAL_REVIEW,"Found a broken exterior mirror indicator/housing on the driver side front, which requires manual safety review (Rule A). Additionally, there is a new scratch on the trunklid.",Exterior mirror (Broken) | Trunklid (Scratch),QA_Images\Page_1_Report_38,,,,,,
2026-05-22 22:37:59,1,39,NEW_DAMAGE,Identified two new cosmetic damages: a scuffed front bumper on the driver's side and a damaged/missing molding on the rear passenger side panel.,Bumper (Scuffed) | Side panel (Otherwise damaged),QA_Images\Page_1_Report_39,,,,,,
2026-05-22 22:38:36,1,40,NEW_DAMAGE,"Identified significant new scratch and scuff damage on the driver-side rear door (sliding door area) and side panel, which is not registered in the existing damages list.",Door (Scratch),QA_Images\Page_1_Report_40,,,,,,
2026-05-22 22:38:57,1,41,DISCARD,"The damage on the rear bumper in Image 0 is already registered (ID 95003 - REAR_LEFT, BUMPER, SCRATCH, ONE_HAND). Image 1 shows a reflection of a person's face/body with no clear, distinct new damage, triggering the GDPR privacy discard rule.",None,QA_Images\Page_1_Report_41,,,,,,
2026-05-22 22:39:18,1,42,MANUAL_REVIEW,"The front-left wheel cover is broken/cracked with missing pieces, which requires manual review under Rule C. Additionally, the front license plate is bent/deformed.",License Plate (Otherwise damaged) | Wheel Cover (Broken),QA_Images\Page_1_Report_42,,,,,,
2026-05-22 22:39:41,1,43,NEW_DAMAGE,Identified two distinct new damages: a scratch on the rear left side panel (Driver Side - Rear) and a long scratch on the hood/roof panel (Driver Side - Front).,Side panel (Scratch) | Roof (Scratch),QA_Images\Page_1_Report_43,,,,,,
2026-05-22 22:40:16,1,44,NEW_DAMAGE,Detected new door damage (dent and scratches) on the driver's side front (Image 0) and a new scuff on the driver's side rear bumper (Image 1). Image 2 shows a front-right fender dent which is already registered (ID 47370) and is therefore ignored.,Door (Bump/dent) | Bumper (Scuffed),QA_Images\Page_1_Report_44,,,,,,
2026-05-22 22:40:49,1,45,NEW_DAMAGE,Found a significant new dent on the rear trunk lid and a missing emblem piece on the logo.,Trunklid (Bump/dent) | Logo (Missing),QA_Images\Page_1_Report_45,,,,,,
2026-05-22 22:41:58,1,46,DISCARD,"No clear, significant new damages are visible on the passenger side of the vehicle. Additionally, Image 0 contains a clear, identifiable reflection of a person's face (violating GDPR guidelines for minor/cosmetic reports), which mandates discarding the images.",None,QA_Images\Page_1_Report_46,,,,,,
2026-05-22 22:42:09,1,47,NEW_DAMAGE,"Detected a new scratch/paint damage on the driver-side front door panel, while the existing registered scratch is on the rear-left door.",Door (Scratch),QA_Images\Page_1_Report_47,,,,,,
2026-05-22 22:42:29,1,48,NEW_DAMAGE,"Found a distinct new scratch on the front passenger-side fender, which is not registered in the existing damages.",Fender (Scratch),QA_Images\Page_1_Report_48,,,,,,
2026-05-22 22:42:46,1,49,NEW_DAMAGE,Found a new scratch on the driver's side front door window trim/frame.,Door (Scratch),QA_Images\Page_1_Report_49,,,,,,
2026-05-22 22:43:01,1,50,NEW_DAMAGE,"Found a new scratch on the lower part of the rear door, passenger side, which is not covered by the existing bumper scratch registration.",Door (Scratch),QA_Images\Page_1_Report_50,,,,,,
2026-05-22 22:43:16,1,51,DISCARD,"The only visible damage in the image is the missing wheel cover on the rear left wheel, which is already registered under ID 89910.",None,QA_Images\Page_1_Report_51,,,,,,
2026-05-22 23:58:14,1,1,DISCARD,"The scuffing on the front left bumper is already registered under ID 66813 (FRONT_LEFT, BUMPER, SCUFFED).",None,QA_Images\Page_1_Report_1,,,,,,
2026-05-22 23:58:23,1,2,DISCARD,"No new distinct damages found. The image shows a dusty side panel and doors with no clear, visible new damage. Any minor surface marks or scratches on the front right door are already registered under existing damage ID 75891 (FRONT_RIGHT, DOOR, SCRATCH).",None,QA_Images\Page_1_Report_2,,,,,,
2026-05-22 23:58:34,1,3,NEW_DAMAGE,"Detected a new scratch on the front bumper on the driver's side, which is not registered in the existing damages.",Bumper (Scratch),QA_Images\Page_1_Report_3,,,,,,
2026-05-22 23:58:53,1,4,NEW_DAMAGE,"A new damage is identified on the license plate holder which is cracked/broken, causing the license plate to bend outwards. This is not registered in the existing damages list.",License Plate (Broken),QA_Images\Page_1_Report_4,,,,,,
2026-05-22 23:59:09,1,5,MANUAL_REVIEW,"The front bumper is detached and popped out from the fender joint (hanging bumper) on the passenger side front, which requires a manual review under StVO/Safety rules (Rule A).",Bumper (Loose),QA_Images\Page_1_Report_5,,,,,,
2026-05-22 23:59:29,1,6,NEW_DAMAGE,"Found a distinct new scratch on the passenger side front door, located underneath the MILES decal.",Door (Scratch),QA_Images\Page_1_Report_6,,,,,,
2026-05-22 23:59:47,1,7,NEW_DAMAGE,Found a distinct new bump/dent on the trunklid in image 0 which is not registered in the existing damages list.,Trunklid (Bump/dent),QA_Images\Page_1_Report_7,,,,,,
2026-05-23 00:00:02,1,8,NEW_DAMAGE,"A new scuff/scratch was identified on the passenger side front side panel (rocker panel/sill area), which is not registered in the existing damages.",Side panel (Scuffed),QA_Images\Page_1_Report_8,,,,,,
2026-05-23 00:00:22,1,9,DISCARD,"No new visible damage detected on the vehicle's bodywork, door, side panel, or wheel in the provided image.",None,QA_Images\Page_1_Report_9,,,,,,
2026-05-23 00:00:38,1,10,NEW_DAMAGE,"Detected a new scratch on the upper ledge of the rear bumper (loading sill area) on the driver's side, which is distinct from the existing registered damages.",Bumper (Scratch),QA_Images\Page_1_Report_10,,,,,,
2026-05-23 00:01:01,1,11,MANUAL_REVIEW,"Vandalism detected on the driver side panel (MILES company branding has been altered to 'MILFS'). Additionally, there is severe structural denting to the lower sill of the driver's side panel and a missing rear manufacturer logo.",Side panel (Bump/dent) | Logo (Missing),QA_Images\Page_1_Report_11,,,,,,
2026-05-23 00:01:19,1,12,NEW_DAMAGE,"Detected a new scratch/scuff on the plastic cladding of the rear passenger-side wheel arch (side panel), which is not listed in the existing registered damages.",Side panel (Scratch),QA_Images\Page_1_Report_12,,,,,,
2026-05-23 00:01:36,1,13,DISCARD,"No reportable vehicle damage is visible. The image shows only minor paint wear/peeling on the license plate lettering and normal wear on the license plate holder, which does not constitute reportable damage.",None,QA_Images\Page_1_Report_13,,,,,,
2026-05-23 00:01:49,1,14,NEW_DAMAGE,"Detected a new scratch on the front left door panel, while the front bumper scratches are already registered.",Door (Scratch),QA_Images\Page_1_Report_14,,,,,,
2026-05-23 00:02:08,1,15,NEW_DAMAGE,Found distinct new damages: a loose front bumper joint on the driver's side front and a scratch on the rear bumper driver's side rear.,Bumper (Loose) | Bumper (Scratch),QA_Images\Page_1_Report_15,,,,,,
2026-05-23 00:02:33,1,16,MANUAL_REVIEW,"Large graffiti/paint vandalism detected on the driver's side panel in Image 2, triggering a mandatory manual review under Rule B.",Side panel (Otherwise damaged),QA_Images\Page_1_Report_16,,,,,,
2026-05-23 00:02:45,1,17,NEW_DAMAGE,"Detected a distinct unregistered scuff damage on the front bumper on the passenger side, next to the license plate.",Bumper (Scuffed),QA_Images\Page_1_Report_17,,,,,,
2026-05-23 00:02:58,1,18,DISCARD,The prominent scuffing and denting visible on the rear right side panel (above the wheel arch) are already registered in the system under IDs 50454 and 43939.,None,QA_Images\Page_1_Report_18,,,,,,
2026-05-23 00:03:20,1,19,DISCARD,"The images showing new minor cosmetic damages (the bent license plate in image 0 and the bumper scuff in image 1) contain clear reflections of a person in the car paint and chrome logo, triggering Rule E (GDPR privacy rule). Image 2 contains only already registered damages (REAR_LEFT bumper scratch and missing wheel cover).",None,QA_Images\Page_1_Report_19,,,,,,
2026-05-23 00:03:35,1,20,DISCARD,"All visible damages, such as the loose front-right bumper and the passenger-side doors/bumper areas, are already registered in the database (specifically IDs 93316 and 69068). No new distinct damages were found in the provided images.",None,QA_Images\Page_1_Report_20,,,,,,
2026-05-23 00:03:52,1,21,NEW_DAMAGE,Found distinct new scratches on the rear bumper on both the driver's side rear corner and passenger's side rear loading edge area.,Bumper (Scratch) | Bumper (Scratch),QA_Images\Page_1_Report_21,,,,,,
2026-05-23 00:04:22,1,22,MANUAL_REVIEW,"Paint vandalism (a teal paint/marker line) is visible on the hood and front bumper area in image 1, triggering Rule B for manual review.",Door (Bump/dent),QA_Images\Page_1_Report_22,,,,,,
2026-05-23 00:04:43,1,23,NEW_DAMAGE,Detected two new distinct damages on the driver's side that are not present in the registered damages list: a broken exterior mirror housing and a severe dent/scratch on the front door.,Exterior mirror (Broken) | Door (Bump/dent),QA_Images\Page_1_Report_23,,,,,,
2026-05-23 00:05:17,1,24,MANUAL_REVIEW,"Severe damage detected on the passenger side rear: the rear bumper side/corner cover is missing/broken (Rule A - safety/StVO concern), and there is a massive new scratch/dent on the rear right side panel.",Side panel (Bump/dent) | Bumper (Broken),QA_Images\Page_1_Report_24,,,,,,
2026-05-23 00:05:25,1,25,DISCARD,"A person's face is clearly reflected in the car's paintwork, violating GDPR privacy rules for minor cosmetic damage reports (Rule E).",None,QA_Images\Page_1_Report_25,,,,,,
2026-05-23 00:05:43,1,26,NEW_DAMAGE,Found distinct new damages: a scratch on the rear right bumper (Passenger Side - Rear) and a bent/damaged license plate at the front (Passenger Side - Front).,Bumper (Scratch) | License Plate (Otherwise damaged),QA_Images\Page_1_Report_26,,,,,,
2026-05-23 00:06:17,1,27,MANUAL_REVIEW,"The driver-side exterior mirror is broken and held together with adhesive tape, which violates safety and StVO regulations (Rule A), requiring immediate manual review.",Exterior mirror (Broken),QA_Images\Page_1_Report_27,,,,,,
2026-05-23 00:06:39,1,28,MANUAL_REVIEW,"The rear bumper is cracked and hanging off on the driver's side rear corner, which constitutes a safety/StVO concern requiring manual review (Rule A). Additionally, multiple distinct unregistered body damages are present on the driver's side and passenger's side rear.",Bumper (Broken) | Fender (Bump/dent) | Door (Bump/dent) | Side panel (Bump/dent),QA_Images\Page_1_Report_28,,,,,,
2026-05-23 00:06:52,1,29,MANUAL_REVIEW,"The lower black plastic trim/valence of the rear bumper is detached and hanging loose in Image 1. Under Rule A (StVO/Safety), hanging bumpers or loose bumper parts require manual review.",Bumper (Loose),QA_Images\Page_1_Report_29,,,,,,
2026-05-23 00:07:18,1,30,NEW_DAMAGE,Identified two distinct unregistered damages: a scratch on the rear-left side panel and a dent on the front-right passenger door.,Side panel (Scratch) | Door (Bump/dent),QA_Images\Page_1_Report_30,,,,,,
2026-05-23 00:07:56,1,31,NEW_DAMAGE,Detected a new scratch on the front bumper on the driver's side in image 0. The dent on the rear passenger door in image 2 is already registered under ID 80817.,Bumper (Scratch),QA_Images\Page_1_Report_31,,,,,,
2026-05-23 00:08:11,1,32,DISCARD,"A person is clearly reflected in the car paint below the headlight, violating Rule E (GDPR) for minor cosmetic damage.",None,QA_Images\Page_1_Report_32,,,,,,
2026-05-23 00:08:18,1,33,DISCARD,"The visible damage on the passenger side rear bumper is already registered as an existing damage (REAR_RIGHT BUMPER SCRATCH, TWO_HANDS). The scratches on the wheel cover are ignored per the business rules.",None,QA_Images\Page_1_Report_33,,,,,,
2026-05-23 00:08:41,1,34,NEW_DAMAGE,Found distinct new damages: a major scratch/scrape on the passenger side doors (Image 0) and multiple dents on the trunklid (Image 1) which are not in the registered list.,Door (Scratch) | Trunklid (Bump/dent),QA_Images\Page_1_Report_34,,,,,,
2026-05-23 00:09:05,1,35,ERROR,Failed to get response from AI.,None,QA_Images\Page_1_Report_35,,,,,,
2026-05-23 00:09:15,1,36,ERROR,Failed to get response from AI.,None,QA_Images\Page_1_Report_36,,,,,,
2026-05-23 00:09:27,1,37,ERROR,Failed to get response from AI.,None,QA_Images\Page_1_Report_37,,,,,,
2026-05-23 00:09:34,1,38,ERROR,Failed to get response from AI.,None,QA_Images\Page_1_Report_38,,,,,,
2026-05-23 00:09:47,1,39,ERROR,Failed to get response from AI.,None,QA_Images\Page_1_Report_39,,,,,,
2026-05-23 00:10:00,1,40,ERROR,Failed to get response from AI.,None,QA_Images\Page_1_Report_40,,,,,,
2026-05-23 00:10:08,1,41,ERROR,Failed to get response from AI.,None,QA_Images\Page_1_Report_41,,,,,,
2026-05-23 00:10:17,1,42,ERROR,Failed to get response from AI.,None,QA_Images\Page_1_Report_42,,,,,,
2026-05-23 00:10:25,1,43,ERROR,Failed to get response from AI.,None,QA_Images\Page_1_Report_43,,,,,,
2026-05-23 00:10:35,1,44,ERROR,Failed to get response from AI.,None,QA_Images\Page_1_Report_44,,,,,,
2026-05-23 00:10:45,1,45,ERROR,Failed to get response from AI.,None,QA_Images\Page_1_Report_45,,,,,,
2026-05-23 00:10:51,1,46,ERROR,Failed to get response from AI.,None,QA_Images\Page_1_Report_46,,,,,,
2026-05-23 00:11:04,1,47,ERROR,Failed to get response from AI.,None,QA_Images\Page_1_Report_47,,,,,,
2026-05-23 00:11:11,1,48,ERROR,Failed to get response from AI.,None,QA_Images\Page_1_Report_48,,,,,,
2026-05-23 00:11:18,1,49,ERROR,Failed to get response from AI.,None,QA_Images\Page_1_Report_49,,,,,,
2026-05-23 00:11:24,1,50,ERROR,Failed to get response from AI.,None,QA_Images\Page_1_Report_50,,,,,,
2026-05-23 00:11:31,1,51,ERROR,Failed to get response from AI.,None,QA_Images\Page_1_Report_51,,,,,,
2026-05-23 00:11:38,1,52,ERROR,Failed to get response from AI.,None,QA_Images\Page_1_Report_52,,,,,,
2026-05-23 00:11:46,1,53,ERROR,Failed to get response from AI.,None,QA_Images\Page_1_Report_53,,,,,,
2026-05-24 12:49:20,1,1,ERROR,Failed to get response from AI.,None,QA_Images\Page_1_Report_1,,,,,,
2026-05-24 12:49:31,1,2,ERROR,Failed to get response from AI.,None,QA_Images\Page_1_Report_2,,,,,,
2026-05-24 12:49:42,1,3,ERROR,Failed to get response from AI.,None,QA_Images\Page_1_Report_3,,,,,,
2026-05-24 12:49:54,1,4,ERROR,Failed to get response from AI.,None,QA_Images\Page_1_Report_4,,,,,,
2026-05-24 12:50:31,1,1,ERROR,Failed to get response from AI.,None,QA_Images\Page_1_Report_1,,,,,,
2026-05-24 12:53:36,1,1,DISCARD,"Image 0 shows a missing wheel cover, which is already registered for multiple wheels on this vehicle. Image 1 shows no significant new damage. Image 2 contains a minor scratch on the door panel, but includes a very clear reflection of a person (face and body), which violates privacy guidelines (Rule E).",None,QA_Images\Page_1_Report_1,,,,,,
2026-05-24 12:53:55,1,2,NEW_DAMAGE,Found distinct new scratch damages on the driver's side door panels in image 1. Image 0 contains only already registered damages (missing wheel cover and bumper scratches on the front right).,Door (Scratch),QA_Images\Page_1_Report_2,,,,,,
2026-05-24 12:54:27,1,3,DISCARD,"All photographed damages are already registered in the system: the scratch on the rear right door (Image 0) matches existing damage ID 91355, the scuff on the front right bumper (Image 1) matches existing damage ID 83958, and the scuff on the front left bumper (Image 2) matches existing damage IDs 67805 and 71484.",None,QA_Images\Page_1_Report_3,,,,,,
2026-05-24 12:54:47,1,4,DISCARD,"The images contain either already registered damages (such as the scratches on the rear-left fender and front-right door) or minor cosmetic damage in Image 0 where a person's face and body are clearly reflected in the car's paint, which violates GDPR privacy rules (Rule E).",None,QA_Images\Page_1_Report_4,,,,,,
2026-05-24 12:55:01,1,5,NEW_DAMAGE,Found distinct new damages on the passenger side front and rear doors.,Door (Bump/dent) | Door (Scuffed),QA_Images\Page_1_Report_5,,,,,,
2026-05-24 12:55:36,1,6,NEW_DAMAGE,"Identified a new, unregistered bump/dent on the driver's side rear side panel (fender) shown clearly in image 2. Other visible bumper scratches and door dents are already registered in the system.",Side panel (Bump/dent),QA_Images\Page_1_Report_6,,,,,,
2026-05-24 12:55:57,1,7,DISCARD,All visible damages on the front left door and bumper are already registered in the existing damages list.,None,QA_Images\Page_1_Report_7,,,,,,
2026-05-28 12:28:03,1,1,ERROR,Failed to get response from AI.,None,QA_Images\Page_1_Report_1,,,,,,
2026-05-28 12:28:09,1,2,ERROR,Failed to get response from AI.,None,QA_Images\Page_1_Report_2,,,,,,
2026-05-28 12:28:11,1,3,ERROR,Failed to get response from AI.,None,QA_Images\Page_1_Report_3,,,,,,
2026-05-28 12:28:13,1,4,ERROR,Failed to get response from AI.,None,QA_Images\Page_1_Report_4,,,,,,
2026-05-28 12:28:14,1,5,DISCARD,No valid images found in API JSON data.,None,QA_Images\Page_1_Report_5,,,,,,
2026-05-28 12:29:05,1,1,ERROR,Failed to get response from AI.,None,QA_Images\Page_1_Report_1,,,,,,
2026-05-28 12:29:09,1,2,ERROR,Failed to get response from AI.,None,QA_Images\Page_1_Report_2,,,,,,
2026-05-28 12:29:11,1,3,ERROR,Failed to get response from AI.,None,QA_Images\Page_1_Report_3,,,,,,
2026-05-28 12:29:13,1,4,ERROR,Failed to get response from AI.,None,QA_Images\Page_1_Report_4,,,,,,
2026-05-28 13:24:38,1,1,NEW_DAMAGE,"Found a distinct new dent on the passenger side rear door (trunklid) in Image 0, which is not covered by the existing registered damages.",Trunklid (Bump/dent),QA_Images\Page_1_Report_1,,,,,,
2026-05-28 13:24:55,1,3,DISCARD,"All visible damages in the images are already registered in the system, including the front-left fender dent, the missing wheel covers on the front-left and rear-right wheels, and the scratch on the rear-right bumper.",None,QA_Images\Page_1_Report_3,,,,,,
2026-05-28 13:25:02,1,4,NEW_DAMAGE,"Found a new scratch on the rear bumper ledge, which is not registered in the existing damages.",Bumper (Scratch),QA_Images\Page_1_Report_4,,,,,,
2026-05-28 13:25:14,1,6,DISCARD,"The visible damage on the rear left bumper is already registered as an existing damage (ID 88284: REAR_LEFT, BUMPER, BUMP_DENT).",None,QA_Images\Page_1_Report_6,,,,,,
2026-05-28 13:25:21,1,7,DISCARD,No visible new damages found in the provided image.,None,QA_Images\Page_1_Report_7,,,,,,
2026-05-28 13:25:29,1,8,NEW_DAMAGE,Found a new scratch on the passenger side rear bumper that is not in the existing registered damages.,Bumper (Scratch),QA_Images\Page_1_Report_8,,,,,,
2026-05-28 13:25:47,1,10,NEW_DAMAGE,The charging port cover flap is completely missing on the passenger side rear panel.,Side panel (Missing),QA_Images\Page_1_Report_10,,,,,,
2026-05-28 13:26:00,1,12,NEW_DAMAGE,"A new scratch was identified on the rear bumper on the driver side rear, which is not listed in the existing registered damages.",Bumper (Scratch),QA_Images\Page_1_Report_12,,,,,,
2026-05-28 13:33:58,1,1,NEW_DAMAGE,No reason,None,QA_Images\Page_1_Report_1,,,,,,
2026-05-28 13:34:13,1,2,NEW_DAMAGE,No reason,None,QA_Images\Page_1_Report_2,,,,,,
2026-05-28 13:34:24,1,3,NEW_DAMAGE,No reason,None,QA_Images\Page_1_Report_3,,,,,,
2026-05-28 13:34:31,1,4,DISCARD,No reason,None,QA_Images\Page_1_Report_4,,,,,,
2026-05-28 13:34:44,1,5,NEW_DAMAGE,No reason,None,QA_Images\Page_1_Report_5,,,,,,
2026-05-28 13:34:53,1,6,NEW_DAMAGE,No reason,None,QA_Images\Page_1_Report_6,,,,,,
2026-05-28 13:35:04,1,7,NEW_DAMAGE,No reason,None,QA_Images\Page_1_Report_7,,,,,,
2026-05-28 13:35:21,1,8,MANUAL_REVIEW,No reason,None,QA_Images\Page_1_Report_8,,,,,,
2026-05-28 13:35:30,1,9,ERROR,Failed to get response from AI.,None,QA_Images\Page_1_Report_9,,,,,,
2026-05-28 13:36:02,1,10,MANUAL_REVIEW,No reason,None,QA_Images\Page_1_Report_10,,,,,,
2026-05-28 13:36:18,1,11,NEW_DAMAGE,No reason,None,QA_Images\Page_1_Report_11,,,,,,
2026-05-28 13:36:30,1,12,DISCARD,No reason,None,QA_Images\Page_1_Report_12,,,,,,
2026-05-28 13:36:37,1,13,DISCARD,No reason,None,QA_Images\Page_1_Report_13,,,,,,
2026-05-28 13:36:58,1,14,NEW_DAMAGE,No reason,None,QA_Images\Page_1_Report_14,,,,,,
2026-05-28 13:37:10,1,15,MANUAL_REVIEW,No reason,None,QA_Images\Page_1_Report_15,,,,,,
2026-05-28 13:37:29,1,16,MANUAL_REVIEW,No reason,None,QA_Images\Page_1_Report_16,,,,,,
2026-05-28 13:37:35,1,17,DISCARD,No reason,None,QA_Images\Page_1_Report_17,,,,,,
2026-05-28 13:37:50,1,18,NEW_DAMAGE,No reason,None,QA_Images\Page_1_Report_18,,,,,,
2026-05-28 13:38:00,1,19,NEW_DAMAGE,No reason,None,QA_Images\Page_1_Report_19,,,,,,
2026-05-28 13:38:13,1,20,NEW_DAMAGE,No reason,None,QA_Images\Page_1_Report_20,,,,,,
2026-05-28 13:38:19,1,21,DISCARD,No reason,None,QA_Images\Page_1_Report_21,,,,,,
2026-05-28 13:38:30,1,22,NEW_DAMAGE,No reason,None,QA_Images\Page_1_Report_22,,,,,,
2026-05-28 13:50:46,1,1,DISCARD,"All visible damages in the images, specifically the detached/loose front right bumper and the scuffs/scratches on the front right wheel arch area in Image 0, are already registered under existing damage IDs 52053 and 40143. No new damages were identified.",None,QA_Images\Page_1_Report_1,,,,,,
2026-05-28 13:51:03,1,2,NEW_DAMAGE,Detected a new scratch on the front bumper (Driver Side - Front) which is not registered in the existing damages (only the front left fender has an existing registered damage).,Bumper (Scratch),QA_Images\Page_1_Report_2,,,,,,
2026-05-28 13:51:17,1,3,DISCARD,"The visible scuffs and scratches on the driver's side rear door (Driver Side - Rear, Door) are already registered as existing damages in the system (IDs: 79745, 90880, 94510). No other new damages are identified.",None,QA_Images\Page_1_Report_3,,,,,,
2026-05-28 13:51:29,1,4,MANUAL_REVIEW,Paint or liquid vandalism detected on the front passenger side window in image 1 (violating Rule B: paint vandalism).,Window (Otherwise damaged),QA_Images\Page_1_Report_4,,,,,,
2026-05-28 13:51:40,1,5,DISCARD,"No distinct, reportable new damages found. The image shows only minor cosmetic hairline scratches on the trunk lid loading edge below the threshold for registration, and minor wear/wrinkling on the advertising sticker which must be ignored per Rule D.",None,QA_Images\Page_1_Report_5,,,,,,
2026-05-28 13:52:02,1,6,NEW_DAMAGE,"Identified two new distinct damages: a missing charging port cover on the passenger side rear side panel, and a new scratch on the driver side rear bumper.",Side panel (Missing) | Bumper (Scratch),QA_Images\Page_1_Report_6,,,,,,
2026-05-28 13:52:29,1,7,MANUAL_REVIEW,"Vandalism/graffiti ('MILFS' lettering) is present on the passenger side sliding door, and there is unregistered severe scraping and denting on the passenger side rear door (sliding door).",Door (Bump/dent),QA_Images\Page_1_Report_7,,,,,,
2026-05-28 13:52:43,1,8,NEW_DAMAGE,"Found a new bump/dent on the bottom edge of the driver-side rear door (trunklid), which is not registered in the existing damages.",Trunklid (Bump/dent),QA_Images\Page_1_Report_8,,,,,,
2026-05-28 13:53:10,1,9,NEW_DAMAGE,"Found a new bump/dent on the rear door (trunklid) on the driver side - rear, which is not registered in the existing damages list.",Trunklid (Bump/dent),QA_Images\Page_1_Report_9,,,,,,
2026-05-28 13:53:28,1,10,NEW_DAMAGE,"Detected a new scuff on the lower plastic side panel (side skirt/rocker panel) on the rear driver's side, which is not listed in the existing registered damages.",Side panel (Scuffed),QA_Images\Page_1_Report_10,,,,,,
2026-05-28 13:53:52,1,11,NEW_DAMAGE,"Detected a new, unregistered scuff/scratch on the plastic bumper on the passenger side rear corner.",Bumper (Scuffed),QA_Images\Page_1_Report_11,,,,,,
2026-05-28 13:54:04,1,12,DISCARD,"The image contains a reflection of a person (feet/legs in sandals) on the car's painted surface for a minor cosmetic scratch, which triggers Rule E (GDPR/Privacy policy for discard).",None,QA_Images\Page_1_Report_12,,,,,,
2026-05-28 13:54:19,1,13,MANUAL_REVIEW,"Image 1 shows the rear passenger-side bumper secured with black adhesive tape, indicating a loose or damaged bumper/fender mounting which constitutes a safety/StVO concern (Rule A).",Bumper (Loose) | Bumper (Scratch),QA_Images\Page_1_Report_13,,,,,,
2026-05-28 13:54:33,1,14,NEW_DAMAGE,Found a new missing wheel cover on the front left wheel (Driver Side - Front) that is not currently registered in the database.,Wheel Cover (Missing),QA_Images\Page_1_Report_14,,,,,,
2026-05-28 13:54:48,1,15,NEW_DAMAGE,Found a new scratch on the driver side rear bumper.,Bumper (Scratch),QA_Images\Page_1_Report_15,,,,,,
2026-05-28 13:55:14,1,16,NEW_DAMAGE,"A new scratch has been identified on the front fender of the driver's side (Driver Side - Front). The straight door seam indicates this is the front wheel area, and the wheel is positioned to the left of the door.",Fender (Scratch),QA_Images\Page_1_Report_16,,,,,,
2026-05-28 13:55:32,1,17,MANUAL_REVIEW,"The driver's side exterior mirror casing is broken/split open, and the integrated indicator light strip is damaged/cracked (Rule A - Broken lights/safety components require manual review).",Exterior mirror (Broken),QA_Images\Page_1_Report_17,,,,,,
2026-05-28 13:55:49,1,18,DISCARD,All visible damages in the provided images (specifically the missing rear Mercedes logo and the dented lower side panel trim on the driver side rear) are already registered in the system under existing damage IDs 86036 and 72004.,None,QA_Images\Page_1_Report_18,,,,,,
2026-05-28 13:56:01,1,19,DISCARD,The visible damage on the rear left bumper (dent and scuffs) is already registered under existing damage ID 72150. No new distinct damages were found.,None,QA_Images\Page_1_Report_19,,,,,,
2026-05-28 13:56:18,1,20,MANUAL_REVIEW,"A flat/deflated tire is visible on the passenger side rear wheel, which represents a severe safety and roadworthiness hazard (Rule A - StVO). Additionally, there is new scuffing/scratching on the front passenger side bumper.",Tyres (Otherwise damaged) | Bumper (Scratch),QA_Images\Page_1_Report_20,,,,,,
2026-05-28 13:56:29,1,21,NEW_DAMAGE,"Detected new, unregistered damages on the passenger side doors (front door and sliding rear door).",Door (Bump/dent) | Door (Bump/dent),QA_Images\Page_1_Report_21,,,,,,
2026-05-28 13:56:55,1,22,NEW_DAMAGE,Found distinct new scratch damage on the driver's side rear side panel.,Side panel (Scratch),QA_Images\Page_1_Report_22,,,,,,
2026-05-28 14:20:09,1,1,DISCARD,No valid images found in API JSON data.,None,QA_Images\Page_1_Report_1,,,,,,
2026-05-28 14:20:39,1,1,DISCARD,No valid images found in API JSON data.,None,QA_Images\Page_1_Report_1,,,,,,
2026-05-28 14:20:55,1,2,NEW_DAMAGE,Detected unregistered cosmetic damages: scuffing on the front bumper (passenger side) and a deformed/bent license plate on the front.,Bumper (Scuffed) | License Plate (Otherwise damaged),QA_Images\Page_1_Report_2,,,,,,
2026-05-28 14:21:23,1,3,DISCARD,"The damage shown in Image 0 is already registered (existing damages on the rear right fender and side panel). The scratch shown in Image 1 is located only on the MILES advertising sticker/decal, which must be ignored under Rule D.",None,QA_Images\Page_1_Report_3,,,,,,
2026-05-28 14:21:33,1,4,DISCARD,"The visible scuff on the rear right wheel arch/fender is already registered under ID 88046 (REAR_RIGHT, FENDER, SCUFFED, ONE_HAND).",None,QA_Images\Page_1_Report_4,,,,,,
2026-05-28 14:21:52,1,5,NEW_DAMAGE,Detected a new dent on the passenger side rear door (sliding door area) in image 1. The scratches on the rear right fender shown in image 0 are already registered under ID 37216.,Door (Bump/dent),QA_Images\Page_1_Report_5,,,,,,
2026-05-28 14:22:15,1,6,NEW_DAMAGE,Found a distinct new scratch on the front driver-side bumper corner (Driver Side - Front) that is not covered by the existing registrations (which only record damages on the front-left fender).,Bumper (Scratch),QA_Images\Page_1_Report_6,,,,,,
2026-05-28 14:22:37,1,7,NEW_DAMAGE,Found a distinct new damage: a crack/break on the black plastic trim of the tailgate on the rear passenger side.,Trunklid (Broken),QA_Images\Page_1_Report_7,,,,,,
2026-05-28 14:22:52,1,8,NEW_DAMAGE,The fuel filler door cover is missing on the passenger side rear side panel.,Side panel (Missing),QA_Images\Page_1_Report_8,,,,,,
2026-05-28 14:23:03,1,9,DISCARD,No visible new damage found in the image.,None,QA_Images\Page_1_Report_9,,,,,,
2026-05-28 14:23:13,1,10,NEW_DAMAGE,A new scratch has been identified on the passenger side rear bumper.,Bumper (Scratch),QA_Images\Page_1_Report_10,,,,,,
2026-05-28 14:23:32,1,11,MANUAL_REVIEW,Vandalism/graffiti detected on the side of the vehicle (the company branding sticker has been altered to read 'MILFS').,Door (Otherwise damaged),QA_Images\Page_1_Report_11,,,,,,
2026-05-28 14:23:49,1,12,MANUAL_REVIEW,"The rear bumper corner on the passenger side is broken and missing its cover, exposing underlying structures, which triggers a manual review under Rule A (StVO/Safety/Hanging or broken bumper).",Bumper (Broken),QA_Images\Page_1_Report_12,,,,,,
2026-05-28 14:23:58,1,13,DISCARD,"The image contains a clear reflection of a person's face and upper body in the shiny vehicle emblem directly above the damage, violating privacy guidelines (Rule E - GDPR).",None,QA_Images\Page_1_Report_13,,,,,,
2026-05-28 14:24:08,1,14,DISCARD,"The scratch on the rear left bumper is already registered as an existing damage under ID 63486 (REAR_LEFT, BUMPER, SCRATCH, ONE_HAND). No new distinct damages are visible in the image.",None,QA_Images\Page_1_Report_14,,,,,,
2026-05-28 14:24:25,1,15,MANUAL_REVIEW,"Image 1 shows the passenger-side rear bumper taped to the body panel with black tape, indicating a broken, loose, or hanging bumper, which requires a manual safety review under Rule A.",Bumper (Broken) | Bumper (Scratch),QA_Images\Page_1_Report_15,,,,,,
2026-05-28 14:24:39,1,16,DISCARD,"The image contains a highly visible reflection of a person in the vehicle's paintwork (violating GDPR/privacy guidelines as per Rule E). Additionally, the scuff damage on the rear-right fender is already registered under ID 66739.",None,QA_Images\Page_1_Report_16,,,,,,
2026-05-28 14:24:46,1,17,DISCARD,"The image is extremely blurry, out-of-focus, and lacks the context or clarity required to confidently identify the specific vehicle component, spot, or to distinguish actual damage from reflections and dirt.",None,QA_Images\Page_1_Report_17,,,,,,
2026-05-28 14:25:00,1,18,MANUAL_REVIEW,"The driver-side exterior mirror housing is cracked, loose, and broken on the outer seam, which affects the integrated indicator light and mirror housing integrity, posing a safety/StVO concern.",Exterior mirror (Broken),QA_Images\Page_1_Report_18,,,,,,
2026-05-28 14:25:15,1,19,NEW_DAMAGE,Found distinct new scuff damage on the front bumper (Driver Side - Front) that is not listed in the existing registered damages.,Bumper (Scuffed),QA_Images\Page_1_Report_19,,,,,,
2026-05-28 14:25:30,1,20,NEW_DAMAGE,"A new scratch is visible on the rear bumper (Driver Side - Rear) above the license plate, which is not registered in the existing damage list.",Bumper (Scratch),QA_Images\Page_1_Report_20,,,,,,
2026-05-28 14:25:47,1,21,DISCARD,No new damages detected. The images depict only the existing registered damages (rear left door scratch and front left fender scratch) or contain reflections with no visible new damages.,None,QA_Images\Page_1_Report_21,,,,,,
2026-05-28 14:25:52,1,22,DISCARD,"A person is reflected in the glossy paint/window of the car for minor cosmetic scratches, which violates the GDPR policy (Rule E).",None,QA_Images\Page_1_Report_22,,,,,,
2026-05-28 14:26:00,1,23,DISCARD,"The damage on the rear right bumper shown in the image is already registered in the system (ID 82096, REAR_RIGHT, BUMPER, SCRATCH). No new unregistered damages were found.",None,QA_Images\Page_1_Report_23,,,,,,
2026-05-28 14:26:17,1,24,NEW_DAMAGE,"Found distinct new scratches on the front passenger-side fender and the rear passenger-side door, while the bumper damage in Image 0 is already registered.",Fender (Scratch) | Door (Scratch),QA_Images\Page_1_Report_24,,,,,,
2026-05-28 14:26:46,1,25,MANUAL_REVIEW,Active collision or extremely close contact with another vehicle (red car) is visible at the rear of the van in image 1 (Rule F).,Trunklid (Bump/dent),QA_Images\Page_1_Report_25,,,,,,
2026-05-28 14:27:28,1,26,NEW_DAMAGE,"Found distinct new cosmetic scratch damage on the front passenger door, which is not covered by the existing fender and bumper registrations.",Door (Scratch),QA_Images\Page_1_Report_26,,,,,,
2026-05-28 14:27:42,1,27,DISCARD,"The visible scratch/scuff on the rear right bumper (Passenger Side - Rear Bumper) is already registered in the system under ID 91425 (REAR_RIGHT BUMPER SCRATCH, THREE_HANDS) and ID 78473 (REAR_RIGHT BUMPER SCRATCH, ONE_HAND). No other new damages are detected.",None,QA_Images\Page_1_Report_27,,,,,,
2026-05-28 14:27:49,1,28,DISCARD,No distinct new damages identified in the provided image.,None,QA_Images\Page_1_Report_28,,,,,,
2026-05-28 14:27:58,1,29,DISCARD,"The only visible damage in the image is the loose/unclipped front bumper on the passenger side (front right), which is already registered in the system under damage ID 93789.",None,QA_Images\Page_1_Report_29,,,,,,
2026-05-28 14:28:07,1,30,DISCARD,"A person is clearly reflected in the car's paintwork, which requires discarding the image/report under GDPR privacy rules (Rule E) for minor cosmetic issues.",None,QA_Images\Page_1_Report_30,,,,,,
2026-05-28 14:28:30,1,31,NEW_DAMAGE,Identified new scuff damages on the passenger side rear bumper and the passenger side rear wheel rim that are not in the existing registered list.,Bumper (Scuffed) | Wheel rim (Scuffed),QA_Images\Page_1_Report_31,,,,,,
2026-05-28 14:28:52,1,32,DISCARD,"All visible damages in the image, including the large vertical crease/dent on the rear door near the Opel logo, the scuffs on the top surface of the rear bumper, and the missing letters of the model name on the left ('ARO'), are already registered in the database (IDs: 90924, 94995, 90926, 90923). No new unregistered damages were found.",None,QA_Images\Page_1_Report_32,,,,,,
2026-05-28 14:29:07,1,33,DISCARD,"All visible damages in the provided images are already registered. Specifically, the lower door scratches and side panel cover scuffs on the front right side are registered (IDs 76505 and 90925), and the severe scraping, structural edge damage, and missing wheel cover on the rear right side are also registered (IDs 76506, 90924, and 70979).",None,QA_Images\Page_1_Report_33,,,,,,
2026-05-28 14:29:20,1,34,DISCARD,No new damages identified. All visible damages are either already registered or there are no new visible damages on the vehicle.,None,QA_Images\Page_1_Report_34,,,,,,
2026-05-28 14:29:34,1,35,DISCARD,"All visible damages in the provided images are already registered in the system. Specifically, the scuff on the front-left plastic bumper/arch trim in Image 0 is covered by existing damage ID 44181, and the scuff on the rear-left bumper in Image 1 is covered by existing damage ID 91144. No new distinct damages were found.",None,QA_Images\Page_1_Report_35,,,,,,
2026-05-28 14:29:44,1,36,DISCARD,The visible damages on the front-left fender (large dent marked with a yellow X) and front-left bumper are already registered in the system (IDs 94450 and 65633 respectively). No new distinct damages are found.,None,QA_Images\Page_1_Report_36,,,,,,
2026-05-28 14:29:58,1,37,NEW_DAMAGE,"Image 0 shows a scratch on the front right bumper, which is already registered (ID 83306). Image 1 shows a new unregistered scratch on the rear bumper on the passenger side.",Bumper (Scratch),QA_Images\Page_1_Report_37,,,,,,
2026-05-28 14:30:13,1,38,DISCARD,"The visible minor scratch on the rear right bumper contains a clear reflection of a person (legs/shoes) in the glossy paint, which violates GDPR guidelines (Rule E). Additionally, damages for the rear right bumper and missing wheel cover are already registered in the system.",None,QA_Images\Page_1_Report_38,,,,,,
2026-05-28 14:30:21,1,39,DISCARD,GDPR violation: A person's reflection is clearly visible in the car's paint (Rule E).,None,QA_Images\Page_1_Report_39,,,,,,
2026-05-28 14:30:29,1,40,NEW_DAMAGE,Found distinct new scuff damage on the driver's side rear bumper.,Bumper (Scuffed),QA_Images\Page_1_Report_40,,,,,,
2026-05-28 14:30:45,1,41,DISCARD,"A person is clearly reflected in the highly reflective black paint of the vehicle (visible in the lower section of the image) for a minor cosmetic damage, which triggers the GDPR privacy rule (Rule E).",None,QA_Images\Page_1_Report_41,,,,,,
2026-05-28 14:30:53,1,42,DISCARD,"No distinct new damages are visible in the image. Additionally, a person's face is clearly reflected in the car's paint, which violates GDPR/privacy guidelines.",None,QA_Images\Page_1_Report_42,,,,,,
2026-05-28 14:31:06,1,43,NEW_DAMAGE,Detected a new scratch/scuff on the front door panel that is not registered in the existing damages.,Door (Scratch),QA_Images\Page_1_Report_43,,,,,,
2026-05-28 14:31:21,1,44,DISCARD,The report contains a clear privacy issue (Rule E - GDPR). Image 0 shows highly recognizable reflections of people's faces (including a child) in the car paint for minor cosmetic scratches.,None,QA_Images\Page_1_Report_44,,,,,,
2026-05-28 14:31:28,1,45,DISCARD,The only visible damage (missing front right wheel cover) is already registered under ID 64142.,None,QA_Images\Page_1_Report_45,,,,,,
2026-05-28 14:31:39,1,46,DISCARD,"All visible damages in the image, including the dent on the front right fender and the scuff on the front right bumper, are already registered under IDs 80377 and 67003.",None,QA_Images\Page_1_Report_46,,,,,,
2026-05-28 14:31:49,1,47,NEW_DAMAGE,The antenna rod is missing from the roof antenna base.,Roof (Missing),QA_Images\Page_1_Report_47,,,,,,
2026-05-28 14:32:45,1,48,NEW_DAMAGE,Found a new scratch on the driver side front door panel.,Door (Scratch),QA_Images\Page_1_Report_48,,,,,,
2026-05-28 14:33:11,1,49,NEW_DAMAGE,"Found distinct new cosmetic damage (scuffing) on the rear bumper, driver side - rear, which is not previously registered.",Bumper (Scuffed),QA_Images\Page_1_Report_49,,,,,,
2026-05-28 14:33:30,1,50,NEW_DAMAGE,Detected a new scratch on the rear passenger-side door. The existing scuff on the rear right fender is already registered and therefore ignored.,Door (Scratch),QA_Images\Page_1_Report_50,,,,,,
2026-05-28 14:33:49,1,51,DISCARD,"All images contain either already registered damages (front right bumper scuff ID 78092 and wheel rim scratch ID 35615), ignored items (scratched wheel cover under Rule C), or minor cosmetic scuffs on the rear bumper with a person clearly reflected in the paint (violating Rule E/GDPR).",None,QA_Images\Page_1_Report_51,,,,,,
2026-05-28 14:34:04,1,52,DISCARD,"The visible scuff on the front-left bumper below the headlight is already registered in the system (ID: 75221, FRONT_LEFT BUMPER SCUFFED). No new damages were identified.",None,QA_Images\Page_1_Report_52,,,,,,
2026-05-28 14:34:16,1,53,DISCARD,"The image contains a clear reflection of a person (holding a phone) in the car's glossy paintwork next to minor cosmetic damages, which violates the GDPR/privacy guidelines (Rule E).",None,QA_Images\Page_1_Report_53,,,,,,
2026-05-28 14:34:34,1,54,MANUAL_REVIEW,"Severe collision damage on the passenger side rear. The rear bumper is deformed, cracked, and detached/hanging from its mounting brackets, which constitutes a safety/StVO hazard.",Side panel (Bump/dent) | Bumper (Loose),QA_Images\Page_1_Report_54,,,,,,
2026-05-28 14:37:18,2,1,MANUAL_REVIEW,Graffiti/paint vandalism detected on the side panels and rear doors of the vehicle (Rule B).,Side panel (Otherwise damaged),QA_Images\Page_2_Report_1,,,,,,
2026-05-28 14:37:18,2,2,DISCARD,No valid images found in API JSON data.,None,QA_Images\Page_2_Report_2,,,,,,
2026-05-28 14:37:31,2,3,DISCARD,"No distinct new damage found. The markings on the lower panels are dirt/splashes, and the minor scuffs on the wheel cover are ignored per guidelines.",None,QA_Images\Page_2_Report_3,,,,,,
2026-05-28 14:37:45,2,4,NEW_DAMAGE,"A new scratch was identified on the driver-side rear side panel (above the taillight), which is not listed in the existing registered damages.",Side panel (Scratch),QA_Images\Page_2_Report_4,,,,,,
2026-05-28 14:38:09,2,5,DISCARD,All major visible damages in the provided images are already registered in the system. The sliding door dent and rear-right sidewall scratches in Image 0 are covered by existing damages 73717 and 22985/17063. The trunklid dents and rear bumper scuffs in Image 1 are covered by existing damages 15602 and 14011/14012.,None,QA_Images\Page_2_Report_5,,,,,,
2026-05-28 14:38:25,2,6,NEW_DAMAGE,Found distinct new damages: scratches on the driver side exterior mirror housing and a damaged/missing antenna on the roof.,Exterior mirror (Scratch) | Roof (Otherwise damaged),QA_Images\Page_2_Report_6,,,,,,
2026-05-28 14:59:51,1,1,NEW_DAMAGE,"Found a new bump/dent on the rear door of the driver's side, visible via the warped reflection of the white street line.",Door (Bump/dent),QA_Images\Page_1_Report_1,,,,,,
2026-05-28 15:00:08,1,2,NEW_DAMAGE,"The scuff on the front-left bumper is already registered (ID 43106), but the front-left wheel cover is missing and is not yet registered.",Wheel Cover (Missing),QA_Images\Page_1_Report_2,,,,,,
2026-05-28 15:00:26,1,3,DISCARD,GDPR violation: A person's face and features are clearly reflected in the car paint in image 0 for a minor cosmetic damage.,None,QA_Images\Page_1_Report_3,,,,,,
2026-05-28 15:00:39,1,4,NEW_DAMAGE,Detected scratch damages on the rear bumper loading area.,Bumper (Scratch),QA_Images\Page_1_Report_4,,,,,,
2026-05-28 15:01:59,1,5,DISCARD,"A person is clearly reflected in the car paint next to the cosmetic damage, violating GDPR compliance rules (Rule E).",None,QA_Images\Page_1_Report_5,,,,,,
2026-05-28 15:02:15,1,6,NEW_DAMAGE,"Detected a new scratch on the rear right side panel below the fuel cap, which is not covered by the existing door bump/dent registration.",Side panel (Scratch),QA_Images\Page_1_Report_6,,,,,,
2026-05-28 15:02:30,1,7,DISCARD,The scratch on the rear right side panel (Passenger Side - Rear) pointed out in the image is already registered under ID 95275.,None,QA_Images\Page_1_Report_7,,,,,,
2026-05-28 15:02:42,1,8,NEW_DAMAGE,"Found new scratch on the front passenger side fender and scratches on the wheel rim, which are not in the existing registered damages.",Fender (Scratch) | Wheel rim (Scratch),QA_Images\Page_1_Report_8,,,,,,
2026-05-28 15:03:11,1,9,NEW_DAMAGE,Found distinct unregistered damages on the passenger side front fender and the passenger side rear sliding door.,Fender (Bump/dent) | Sliding door (Bump/dent),QA_Images\Page_1_Report_9,,,,,,
2026-05-28 15:03:35,1,10,DISCARD,GDPR violation: A person's reflection (legs and shoes) is clearly visible in the car's reflective paint in both images showing minor cosmetic damages (Rule E).,None,QA_Images\Page_1_Report_10,,,,,,
2026-05-28 15:04:07,1,11,DISCARD,"GDPR violation: A person's face, hair, and hand are clearly reflected in the car's paint in image 0.",None,QA_Images\Page_1_Report_11,,,,,,
2026-05-28 15:04:25,1,12,NEW_DAMAGE,Found distinct new damages: a bump/dent on the bottom edge of the front door and scuffs on the front wheel rim.,Door (Bump/dent) | Wheel rim (Scuffed),QA_Images\Page_1_Report_12,,,,,,
2026-05-28 15:04:37,1,13,DISCARD,No valid images found.,None,QA_Images\Page_1_Report_13,,,,,,
2026-05-28 15:04:57,1,14,NEW_DAMAGE,"Detected a new, unregistered scratch and bump/dent on the lower side panel (rocker panel) on the passenger side, while other depicted damages are already registered.",Side panel (Bump/dent),QA_Images\Page_1_Report_14,,,,,,
2026-05-28 15:05:16,1,15,MANUAL_REVIEW,"A foreign object (screw or nail) is embedded in the tire tread in image 1, presenting a critical safety/StVO hazard.",Tyres (Otherwise damaged),QA_Images\Page_1_Report_15,,,,,,
2026-05-28 15:05:31,1,16,DISCARD,"All visible damages in the images are already registered in the system. The scratch on the rear left bumper in Image 1 matches existing damage ID 75229, and the front left bumper damage shown in Image 3 matches existing damage ID 63300.",None,QA_Images\Page_1_Report_16,,,,,,
2026-05-28 15:05:46,1,17,DISCARD,"Under Rule E (GDPR), the report is discarded because there is a clearly recognizable person (photographer) reflected in the car's paintwork in both images (the person standing in Image 0, and the crouching person in Image 1) next to minor cosmetic bumper damage.",None,QA_Images\Page_1_Report_17,,,,,,
2026-05-28 15:06:01,1,18,NEW_DAMAGE,Found a new minor scratch on the driver-side rear bumper near the wheel arch.,Bumper (Scratch),QA_Images\Page_1_Report_18,,,,,,
2026-05-28 15:06:17,1,19,MANUAL_REVIEW,"Vandalism detected (the brand sticker has been altered to read 'MILFS'). Additionally, there is significant unregistered damage on the sliding door.",Sliding door (Bump/dent),QA_Images\Page_1_Report_19,,,,,,
2026-05-28 15:06:40,1,20,NEW_DAMAGE,Identified two new distinct damages on the passenger side rear: a bump/dent on the lower silver section of the sliding door and a missing corner trim piece of the rear bumper.,Sliding door (Bump/dent) | Bumper (Missing),QA_Images\Page_1_Report_20,,,,,,
2026-05-28 15:07:00,1,21,DISCARD,The visible scratches and scuffs on the rear left bumper (Driver Side - Rear) are already registered under existing damage ID 69046. The minor scratches on the wheel cover are ignored according to Rule C.,None,QA_Images\Page_1_Report_21,,,,,,
2026-05-28 15:07:15,1,22,NEW_DAMAGE,"Distinct new damage (bump/dent) identified on the passenger side front fender in image 0, which is not present in the existing registered damages.",Fender (Bump/dent),QA_Images\Page_1_Report_22,,,,,,
2026-05-28 15:07:32,1,23,DISCARD,"The image contains a clear and detailed reflection of a person (showing legs, jeans, torso, and hand holding a phone) in the glossy black paint next to the cosmetic bumper scratches, triggering the GDPR reflection safety rule (Rule E).",None,QA_Images\Page_1_Report_23,,,,,,
2026-05-28 15:07:41,1,24,DISCARD,"Only minor cosmetic scratches are visible on the rear bumper, and there is a clear reflection of a person (legs/shoes) in the car paint (GDPR Rule E).",None,QA_Images\Page_1_Report_24,,,,,,
2026-05-28 15:07:53,1,25,NEW_DAMAGE,Found a distinct new scratch on the passenger side rear panel (side panel) near the bumper seam that is not registered in the existing database.,Side panel (Scratch),QA_Images\Page_1_Report_25,,,,,,
2026-05-28 15:09:24,1,1,DISCARD,No new distinct damages identified. The alteration to the rear window sticker ('MILFS' instead of 'MILES') is classified as sticker-only modification/damage and is ignored per Rule D.,None,QA_Images\Page_1_Report_1,,,,,,
2026-05-28 15:09:30,1,2,DISCARD,GDPR violation (Rule E): A person's reflection is clearly visible in the car's reflective black paint next to the minor cosmetic scratch on the door panel.,None,QA_Images\Page_1_Report_2,,,,,,
2026-05-28 15:10:39,1,3,DISCARD,No new damages detected. Image 0 shows the existing scratch on the rear right bumper (ID 53202). Image 1 shows the existing bump/dent on the rear license plate (ID 71868). Image 2 shows a completely different vehicle (white instead of grey) with pre-marked existing/resolved spots.,None,QA_Images\Page_1_Report_3,,,,,,
2026-05-28 15:10:54,1,4,DISCARD,"A person's reflection (legs in blue jeans and white sneakers) is clearly visible in the glossy paint of the vehicle in images 0 and 1. According to Rule E (GDPR), if a person is reflected in the car paint for a minor cosmetic damage, the report must be discarded.",None,QA_Images\Page_1_Report_4,,,,,,
2026-05-28 15:11:03,1,5,NEW_DAMAGE,Identified a new scratch on the passenger side rear bumper.,Bumper (Scratch),QA_Images\Page_1_Report_5,,,,,,
2026-05-28 15:11:25,1,6,NEW_DAMAGE,"A new distinct bump/dent was identified on the passenger-side front fender, which is not covered by the existing registered scratch.",Fender (Bump/dent),QA_Images\Page_1_Report_6,,,,,,
2026-05-28 15:11:38,1,7,NEW_DAMAGE,"Found a new damage showing a broken antenna rod on the roof, classified under the nearest rear corner spot.",Roof (Broken),QA_Images\Page_1_Report_7,,,,,,
2026-05-28 15:12:04,1,8,NEW_DAMAGE,Found a distinct new scratch on the driver side front fender in image 3 which is not covered by the existing registered damages.,Fender (Scratch),QA_Images\Page_1_Report_8,,,,,,
2026-05-28 15:12:10,1,9,DISCARD,No valid images found.,None,QA_Images\Page_1_Report_9,,,,,,
2026-05-28 15:12:33,1,11,MANUAL_REVIEW,"A foreign object (screw/nail) is embedded in the front passenger-side tire tread, which presents a safety hazard under Rule A (StVO/Safety).",Tyres (Otherwise damaged),QA_Images\Page_1_Report_11,,,,,,
2026-05-28 15:12:52,1,12,NEW_DAMAGE,"A new scratch is identified on the front passenger door (Passenger Side - Front), which is not listed in the existing registered damages (the existing damage 70180 only covers the scratch on the rear right door).",Door (Scratch),QA_Images\Page_1_Report_12,,,,,,
2026-05-28 15:13:19,1,13,MANUAL_REVIEW,"Found a broken exterior mirror housing on the driver's side front (violating Rule A safety criteria), as well as new scratch damages on the driver side rear and passenger side rear side panels.",Exterior mirror (Broken) | Side panel (Scratch) | Side panel (Scratch),QA_Images\Page_1_Report_13,,,,,,
2026-05-28 15:13:27,1,14,DISCARD,No visible or distinct new damage detected on the vehicle in the provided image.,None,QA_Images\Page_1_Report_14,,,,,,
2026-05-28 15:13:37,1,15,NEW_DAMAGE,"Found new damage on the front passenger door where the lower protective trim molding is completely missing, exposing the mounting holes.",Door (Otherwise damaged),QA_Images\Page_1_Report_15,,,,,,
2026-05-28 15:14:00,1,16,NEW_DAMAGE,"A distinct new bump/dent damage was identified on the front driver-side door, which is not listed in the existing registered damages.",Door (Bump/dent),QA_Images\Page_1_Report_16,,,,,,
2026-05-28 15:14:16,1,17,MANUAL_REVIEW,Vandalism detected: The MILES branding on the passenger side has been modified with paint/stickers to spell 'MILFS' (Rule B).,Door (Otherwise damaged),QA_Images\Page_1_Report_17,,,,,,
2026-05-28 15:14:38,1,18,NEW_DAMAGE,"The lower plastic protective moulding/trim is missing from the bottom of the driver's front door (Driver Side - Front), which is not covered by the existing registrations (only the rear left missing panel is registered).",Door (Missing),QA_Images\Page_1_Report_18,,,,,,
2026-05-28 15:14:59,1,19,NEW_DAMAGE,"Detected a new scratch on the driver's side rear door (Image 0) which is not listed in the existing registered damages. The bumper scratch in Image 1 is already registered, and the wheel cover scratches in Image 2 are cosmetic only and therefore ignored.",Door (Scratch),QA_Images\Page_1_Report_19,,,,,,
2026-05-28 15:15:23,1,20,NEW_DAMAGE,Found new distinct damages: a scratch on the rear left bumper (driver side - rear) and tape indicating a loose/broken bumper on the rear right corner (passenger side - rear) which is more severe than the registered scratch.,Bumper (Scratch) | Bumper (Otherwise damaged),QA_Images\Page_1_Report_20,,,,,,
2026-05-28 15:15:51,1,21,NEW_DAMAGE,"Found a new dent on the passenger side rear side panel, near the rear door edge.",Side panel (Bump/dent),QA_Images\Page_1_Report_21,,,,,,
2026-05-28 15:16:08,1,22,NEW_DAMAGE,Detected a new scratch on the front bumper on the driver's side that is not registered in the existing damages list.,Bumper (Scratch),QA_Images\Page_1_Report_22,,,,,,
2026-05-28 15:16:24,1,23,DISCARD,GDPR Compliance (Rule E): A person is clearly reflected in the vehicle's glossy paint in both high-resolution images submitted for minor cosmetic scratches on the bumper.,None,QA_Images\Page_1_Report_23,,,,,,
2026-05-28 15:16:44,1,24,NEW_DAMAGE,Found a distinct new bump/dent on the rear side panel near the door seam.,Side panel (Bump/dent),QA_Images\Page_1_Report_24,,,,,,
2026-05-28 15:17:17,1,25,NEW_DAMAGE,Identified two distinct new damages: a bump/dent on the front passenger-side fender (Image 0) and a vertical crease/dent on the rear driver-side trunklid door (Image 1). Other visible damages on the passenger side (Image 2) are already registered.,Fender (Bump/dent) | Trunklid (Bump/dent),QA_Images\Page_1_Report_25,,,,,,
2026-05-28 15:17:43,1,26,NEW_DAMAGE,"A new scratch and scuff mark is visible on the rear bumper on the passenger side, which is not currently registered in the system (the only registered rear bumper damage is on the rear left/driver's side).",Bumper (Scratch),QA_Images\Page_1_Report_26,,,,,,
2026-05-28 15:18:00,1,27,MANUAL_REVIEW,Vandalism/unauthorized alteration of the corporate branding sticker ('MILES' changed to 'MILFS') on the passenger side rear.,Logo (Otherwise damaged),QA_Images\Page_1_Report_27,,,,,,
2026-05-28 15:18:08,1,28,DISCARD,"Reflections of people (including hands, phone, legs, and shoes) are clearly visible in the car's glossy paint, and the reported issues are minor cosmetic scratches/chips. According to GDPR instructions (Rule E), this must be discarded.",None,QA_Images\Page_1_Report_28,,,,,,
2026-05-28 15:18:34,1,31,NEW_DAMAGE,Found two distinct new damages: a bump/dent on the front left fender and a scratch on the rear left door.,Fender (Bump/dent) | Door (Scratch),QA_Images\Page_1_Report_31,,,,,,
2026-05-28 15:19:31,1,32,NEW_DAMAGE,"Found distinct new scuff damage on the passenger side rear door, which is not registered in the existing damages list.",Door (Scuffed),QA_Images\Page_1_Report_32,,,,,,
2026-05-28 15:19:56,1,33,MANUAL_REVIEW,"A flat/deflated tire is detected on the rear passenger side (Image 0), which constitutes a safety/StVO hazard under Rule A.",Tyres (Otherwise damaged),QA_Images\Page_1_Report_33,,,,,,
2026-05-28 15:20:28,1,1,DISCARD,All visible cosmetic damages on the rear-left door are already registered in the system (ID 44774 and 71229). Scratches on the wheel cover are ignored per Rule C.,None,QA_Images\Page_1_Report_1,,,,,,
2026-05-28 15:20:47,1,2,NEW_DAMAGE,"Found distinct new cosmetic damages on the front passenger door, rear passenger door, and the passenger side roof/A-pillar.",Door (Bump/dent) | Door (Scratch) | Roof (Bump/dent),QA_Images\Page_1_Report_2,,,,,,
2026-05-28 15:21:23,1,3,NEW_DAMAGE,"A new dent (bump/dent) is identified on the driver-side front fender, which is distinct from the registered scuffed damage on this component.",Fender (Bump/dent),QA_Images\Page_1_Report_3,,,,,,
2026-05-28 15:21:45,1,4,DISCARD,"No new damages found. The missing wheel cover on the rear-left wheel is ignored according to Rule C, and all other visible conditions are either already registered or do not constitute new damage.",None,QA_Images\Page_1_Report_4,,,,,,
2026-05-28 15:21:59,1,5,DISCARD,All visible damages in the image (such as the scuff marks on the rear-right side panel and sliding door) are already registered under existing damages. No distinct new damages are present.,None,QA_Images\Page_1_Report_5,,,,,,
2026-05-28 15:22:00,1,6,DISCARD,No valid images found.,None,QA_Images\Page_1_Report_6,,,,,,
2026-05-28 15:22:22,1,7,NEW_DAMAGE,"Found a distinct new scuff on the rear bumper, located on the passenger side (rear), which is not registered in the existing damages list.",Bumper (Scuffed),QA_Images\Page_1_Report_7,,,,,,
2026-05-28 15:22:37,1,8,NEW_DAMAGE,Found a distinct new cosmetic scuff on the front passenger-side bumper cover that is not listed in the existing registered damages.,Bumper (Scuffed),QA_Images\Page_1_Report_8,,,,,,
2026-05-28 15:22:51,1,9,DISCARD,No new damages detected in the provided image.,None,QA_Images\Page_1_Report_9,,,,,,
2026-05-28 15:23:09,1,10,MANUAL_REVIEW,"Graffiti vandalism detected on the passenger side sliding door ('MILFS' written in black paint/marker, triggering Rule B), and a missing Mercedes-Benz logo on the rear door.",Sliding door (Scratch) | Logo (Missing),QA_Images\Page_1_Report_10,,,,,,
2026-05-28 15:24:47,1,11,MANUAL_REVIEW,"A foreign metal object (screw/nail) is embedded in the tyre tread in image 1, presenting a road safety hazard (Rule A).",Tyres (Broken),QA_Images\Page_1_Report_11,,,,,,
2026-05-28 15:25:02,1,12,NEW_DAMAGE,Detected a new scratch on the driver-side front door that is not registered in the existing damages database.,Door (Scratch),QA_Images\Page_1_Report_12,,,,,,
2026-05-28 15:25:24,1,13,MANUAL_REVIEW,"Graffiti/paint vandalism detected on the front passenger side window (Image 1 and Image 2), which triggers a manual review under Rule B.",Window (Scuffed),QA_Images\Page_1_Report_13,,,,,,
2026-05-28 15:25:43,1,14,DISCARD,"Images 0, 1, and 2 contain a clear, recognizable reflection of a person in the car's paint for minor cosmetic damages, which violates the GDPR policy (Rule E).",None,QA_Images\Page_1_Report_14,,,,,,
2026-05-28 15:26:04,1,15,NEW_DAMAGE,A new scratch was identified on the rear left door (Driver Side - Rear) which is not listed in the existing registered damages.,Door (Scratch),QA_Images\Page_1_Report_15,,,,,,
2026-05-28 15:26:20,1,16,NEW_DAMAGE,Found a new distinct dent/crease damage on the sliding door (Passenger Side - Rear) which is not present in the registered damages list.,Sliding door (Bump/dent),QA_Images\Page_1_Report_16,,,,,,
2026-05-28 15:26:39,1,17,NEW_DAMAGE,"Found a distinct new bump/dent with a scratch on the driver-side rear trunklid, which is not registered in the existing damages list.",Trunklid (Bump/dent),QA_Images\Page_1_Report_17,,,,,,
2026-05-28 15:26:59,1,18,DISCARD,"The visible damage on the rear right side panel (Passenger Side - Rear) near the wheel arch and bumper seam is already registered under ID 95296 (REAR_RIGHT, SIDE_PANEL, BUMP_DENT). No other new damages are identified.",None,QA_Images\Page_1_Report_18,,,,,,
2026-05-28 15:27:20,1,19,MANUAL_REVIEW,"Vandalism detected (Rule B): the company's 'MILES' door sticker has been altered to say 'MILFS' (Image 1). Additionally, there are new unregistered damages, including a bump/dent on the sliding door and scuffs on the rear bumper.",Sliding door (Bump/dent) | Bumper (Scuffed),QA_Images\Page_1_Report_19,,,,,,
2026-05-28 15:27:37,1,20,NEW_DAMAGE,Found a new scratch on the driver-side rear side panel (above the bumper panel gap) which is not registered in the existing damages.,Side panel (Scratch),QA_Images\Page_1_Report_20,,,,,,
2026-05-28 15:27:53,1,21,DISCARD,The reported damage on the front-right bumper (missing trim/grill) is already registered under ID 49283.,None,QA_Images\Page_1_Report_21,,,,,,
2026-05-28 15:28:02,1,22,DISCARD,GDPR compliance issue: A person is clearly reflected in the vehicle's paintwork where the minor cosmetic damage is located (Rule E).,None,QA_Images\Page_1_Report_22,,,,,,
2026-05-28 15:28:20,1,23,NEW_DAMAGE,Found two distinct new damages: a bent license plate on the front passenger side and a scratch on the front driver side door edge.,License Plate (Bump/dent) | Door (Scratch),QA_Images\Page_1_Report_23,,,,,,
2026-05-28 15:28:42,1,24,DISCARD,"A person is clearly reflected in the car paint for cosmetic damage, which requires discarding the report under Rule E (GDPR).",None,QA_Images\Page_1_Report_24,,,,,,
2026-05-28 15:28:52,1,25,NEW_DAMAGE,Found a new scuff damage on the lower front bumper corner.,Bumper (Scuffed),QA_Images\Page_1_Report_25,,,,,,
2026-05-28 15:29:14,1,26,NEW_DAMAGE,"Found distinct new scratches on the rear left side panel and bumper corner, which are not listed in the existing registered damages.",Side panel (Scratch),QA_Images\Page_1_Report_26,,,,,,
2026-05-28 15:29:34,1,27,NEW_DAMAGE,"Found a distinct new crack (broken bumper) on the rear bumper above the license plate, which is not listed in the existing registered damages.",Bumper (Broken),QA_Images\Page_1_Report_27,,,,,,
2026-05-28 15:30:01,1,28,NEW_DAMAGE,Detected new scratches on the front bumper/fender area and scratches/peeling on the front license plate.,Bumper (Scratch) | License Plate (Scratch),QA_Images\Page_1_Report_28,,,,,,
2026-05-28 15:30:25,1,29,DISCARD,The visible scuffing on the rear left bumper is already registered under existing damage ID 87316. The minor scratches on the wheel cover are ignored per Rule C.,None,QA_Images\Page_1_Report_29,,,,,,
2026-05-28 15:30:34,1,30,DISCARD,The scuff/scratch damage on the passenger side rear bumper (REAR_RIGHT) is already registered under existing damage ID 69215. No new damages are identified.,None,QA_Images\Page_1_Report_30,,,,,,
2026-05-28 15:30:44,1,31,DISCARD,"The images contain a clear reflection of a person in the glossy paint of the car for minor cosmetic bumper scratches, which triggers the GDPR compliance rule (Rule E) to discard.",None,QA_Images\Page_1_Report_31,,,,,,
2026-05-28 15:30:54,1,32,DISCARD,"The front-left fender damage is already registered. Any other potential minor cosmetic damage on the bumper cannot be processed because a person is clearly reflected in the car paint, triggering Rule E (GDPR compliance).",None,QA_Images\Page_1_Report_32,,,,,,
2026-05-28 15:31:13,1,33,NEW_DAMAGE,"Detected a new scratch on the driver-side front door in image 1, while the damages in images 2 and 3 correspond to already registered existing damages.",Door (Scratch),QA_Images\Page_1_Report_33,,,,,,
2026-05-28 15:31:26,1,34,DISCARD,"All visible damages, including the loose bumper and the scuffs on the front right side (Passenger Side - Front), are already registered in the system (IDs 81207 and 94712).",None,QA_Images\Page_1_Report_34,,,,,,
2026-05-28 15:31:37,1,35,DISCARD,"The visible damage on the front-left fender is already registered in the system (ID 44746). Additionally, a clear reflection of the person taking the photo is visible on the vehicle's paintwork.",None,QA_Images\Page_1_Report_35,,,,,,
2026-05-28 15:31:58,1,36,MANUAL_REVIEW,"Graffiti/paint vandalism detected on the passenger side front fender in Image 0, which triggers Rule B (Vandalism) and requires manual review.",Fender (Scratch),QA_Images\Page_1_Report_36,,,,,,
2026-05-28 15:32:11,1,37,DISCARD,"The red scuff/paint transfer on the front bumper (Driver Side - Front) is already registered under ID 82636 (FRONT_LEFT, BUMPER, SCUFFED).",None,QA_Images\Page_1_Report_37,,,,,,
2026-05-28 15:32:31,1,38,DISCARD,"The only new damage pictured is a minor cosmetic scratch/chip in Image 1, which contains a clear reflection of a person (Rule E - GDPR). All other visible damages, such as the dent on the front-left fender (Image 0) and the scuffed front-right bumper (Images 2 and 3), are already registered.",None,QA_Images\Page_1_Report_38,,,,,,
2026-05-28 15:32:44,1,39,NEW_DAMAGE,"A new dent (bump/dent) was identified on the rear passenger-side side panel, which is not registered in the existing damages (only a scratch was previously registered on the rear right fender).",Side panel (Bump/dent),QA_Images\Page_1_Report_39,,,,,,
2026-05-28 15:33:04,1,40,NEW_DAMAGE,Found a new bump/dent damage on the front license plate shown in image 0 which is not registered in the existing damages list.,License Plate (Bump/dent),QA_Images\Page_1_Report_40,,,,,,
2026-05-28 15:33:20,1,41,DISCARD,"The visible damage on the front license plate / holder is already registered under ID 29357 (FRONT_LEFT, LICENSE_PLATE, SCUFFED). No new distinct damages were identified.",None,QA_Images\Page_1_Report_41,,,,,,
2026-05-28 15:33:36,1,42,DISCARD,"No new damages detected. The vehicle shows no visible new damages in the provided images, and all existing damages are already registered.",None,QA_Images\Page_1_Report_42,,,,,,
2026-05-28 15:33:46,1,43,DISCARD,"No new damages found. The minor scratch visible on the front-right bumper near the fender seam is already registered as an existing damage, and there is a reflection of the person holding the phone in the car's paint.",None,QA_Images\Page_1_Report_43,,,,,,
2026-05-28 15:33:54,1,44,DISCARD,The visible damages in the image (the missing front-left wheel cover and the scuffed front-left bumper) are already registered in the system.,None,QA_Images\Page_1_Report_44,,,,,,
2026-05-28 15:34:04,1,45,NEW_DAMAGE,"Found a new scratch on the passenger side rear side panel, which is not registered in the existing damages database.",Side panel (Scratch),QA_Images\Page_1_Report_45,,,,,,
2026-05-28 15:34:29,1,46,NEW_DAMAGE,Detected new scratch damage on the rear right bumper corner (Passenger Side - Rear) which is not present in the registered damages list.,Bumper (Scratch),QA_Images\Page_1_Report_46,,,,,,
2026-05-28 15:34:43,1,47,DISCARD,"The minor scuff/scratch on the passenger side front door visible in image 0 is already registered under ID 63910 (FRONT_RIGHT, DOOR, SCUFFED, ONE_HAND).",None,QA_Images\Page_1_Report_47,,,,,,
2026-05-28 15:34:49,1,48,DISCARD,"The only visible issue is a missing antenna rod, which must be ignored according to Rule F.",None,QA_Images\Page_1_Report_48,,,,,,
2026-05-28 15:34:56,1,49,NEW_DAMAGE,"The rear emblem/logo is missing, which is not registered in the existing damages list.",Logo (Missing),QA_Images\Page_1_Report_49,,,,,,
2026-05-28 15:35:14,1,50,DISCARD,"Under Rule E (GDPR), the report must be discarded because a person's reflection (head and upper body silhouette) is clearly visible in the glossy black car paint in Image 1 where a minor cosmetic scratch is shown.",None,QA_Images\Page_1_Report_50,,,,,,
2026-05-28 15:35:30,1,51,NEW_DAMAGE,"Found a new scratch on the rear door on the driver's side, which is not in the registered damages.",Door (Scratch),QA_Images\Page_1_Report_51,,,,,,
2026-05-28 15:35:43,1,52,MANUAL_REVIEW,"The driver-side exterior mirror is severely broken and hanging by wires, which violates safety and road regulations (StVO Rule A).",Exterior mirror (Broken),QA_Images\Page_1_Report_52,,,,,,
2026-05-28 15:35:58,1,53,NEW_DAMAGE,Found distinct new scuff damage on the driver's side front wheel rim that is not currently registered in the system.,Wheel rim (Scuffed),QA_Images\Page_1_Report_53,,,,,,
2026-05-28 15:38:46,2,1,DISCARD,The visible damages in the image—specifically the bent lower corner of the front-right fender and the missing wheel cover—are already registered in the system under ID 44707 (FRONT_RIGHT FENDER BUMP_DENT) and ID 62067 (FRONT_RIGHT WHEEL_COVER MISSING). No new damages are identified.,None,QA_Images\Page_2_Report_1,,,,,,
2026-05-28 15:38:56,2,2,DISCARD,"The visible bump/dent on the rear right door is already registered in the system under ID 57965 (REAR_RIGHT, DOOR, BUMP_DENT, THREE_HANDS). No new damages were found.",None,QA_Images\Page_2_Report_2,,,,,,
2026-05-28 15:39:17,2,3,NEW_DAMAGE,Found distinct new scratches on the front passenger side bumper and rear passenger side door that are not registered in the existing damages list.,Bumper (Scratch) | Door (Scratch),QA_Images\Page_2_Report_3,,,,,,
2026-05-28 15:39:45,2,4,NEW_DAMAGE,Distinct new major dents identified on the passenger side front and rear doors in image 0. The scuff on the rear left bumper in image 1 is already registered.,Door (Bump/dent) | Door (Bump/dent),QA_Images\Page_2_Report_4,,,,,,
2026-05-28 15:40:06,2,5,DISCARD,No new damages detected. Only existing registered damages are visible in the images.,None,QA_Images\Page_2_Report_5,,,,,,
2026-05-28 15:40:24,2,6,NEW_DAMAGE,A new scratch is visible on the rear passenger-side side panel in image 1. The missing wheel cover shown in image 1 is already registered and thus ignored. The damaged/peeling foils in images 0 and 2 are advertising stickers and are ignored under Rule D.,Side panel (Scratch),QA_Images\Page_2_Report_6,,,,,,
2026-05-28 15:40:43,2,7,DISCARD,The visible damages (the scratch on the rear right fender and the missing wheel cover) are already registered under IDs 75729 and 60660 respectively.,None,QA_Images\Page_2_Report_7,,,,,,
2026-05-28 15:40:54,2,8,NEW_DAMAGE,Found distinct new damage on the front license plate holder.,License Plate (Broken),QA_Images\Page_2_Report_8,,,,,,
2026-05-28 15:41:15,2,9,NEW_DAMAGE,Detected distinct new damages: scratches on the passenger side sliding door and a dent on the rear door (trunklid).,Sliding door (Scratch) | Trunklid (Bump/dent),QA_Images\Page_2_Report_9,,,,,,
2026-05-28 15:41:35,2,10,DISCARD,The scratch on the front left door in image 0 is already registered (ID: 86936). The scratch/scuff on the wheel cover in image 1 is ignored as per Rule C (scratched or missing wheel covers are ignored).,None,QA_Images\Page_2_Report_10,,,,,,
2026-05-28 15:41:53,2,11,NEW_DAMAGE,"Found a distinct new bump/dent damage on the passenger side front fender, which is not registered in the existing damages database. The sliding door damages shown in image 3 are already registered under ID 73717.",Fender (Bump/dent),QA_Images\Page_2_Report_11,,,,,,
2026-05-28 15:42:08,2,12,DISCARD,"The photographer's reflection is clearly visible in the glossy black paint of the vehicle, which constitutes a GDPR issue for minor cosmetic damage (Rule E).",None,QA_Images\Page_2_Report_12,,,,,,
2026-05-28 15:42:17,2,13,DISCARD,"A person is clearly reflected in the car door paint and window for a minor cosmetic damage (paint chip/dent below the sticker), requiring the report to be discarded under GDPR Rule E.",None,QA_Images\Page_2_Report_13,,,,,,
2026-05-28 15:42:26,2,14,DISCARD,No distinct damage visible in the image or unable to identify a reportable damage due to the extreme close-up perspective.,None,QA_Images\Page_2_Report_14,,,,,,
2026-05-28 15:42:36,2,15,DISCARD,"A person's face and body are clearly reflected in the car's paintwork, and any visible damage is minor/cosmetic (GDPR Rule E).",None,QA_Images\Page_2_Report_15,,,,,,
2026-05-28 15:42:58,2,16,NEW_DAMAGE,Found a new loose rear bumper on the driver side rear corner which is not registered in the existing damages (only a scuff is registered there).,Bumper (Loose),QA_Images\Page_2_Report_16,,,,,,
2026-05-28 15:43:17,2,17,DISCARD,"The visible damage on the rear right bumper (scuffs/scratches below the taillight) is already registered under damage ID 83790 (REAR_RIGHT, BUMPER, SCUFFED). No new distinct damages were found.",None,QA_Images\Page_2_Report_17,,,,,,
2026-05-28 15:43:32,2,18,NEW_DAMAGE,"A distinct new damage was identified on the driver's side front fender (Driver Side - Front, Fender) showing scraping and deformation/denting, which is not listed in the existing registered damages.",Fender (Bump/dent),QA_Images\Page_2_Report_18,,,,,,
2026-05-28 15:43:46,2,19,MANUAL_REVIEW,"Detected a flat/deflated tire on the rear passenger side, which constitutes a safety-critical issue (Rule A - StVO/Safety). Additionally, there is a visible scratch/scuff on the adjacent wheel arch (side panel).",Tyres (Broken) | Side panel (Scratch),QA_Images\Page_2_Report_19,,,,,,
2026-05-28 15:44:06,2,20,NEW_DAMAGE,Found a new bump/dent on the rear bumper in image 0. The door damage shown in image 1 is already registered under ID 56126.,Bumper (Bump/dent),QA_Images\Page_2_Report_20,,,,,,
2026-05-28 15:44:29,2,21,NEW_DAMAGE,Found a distinct new scratch on the passenger side rear side panel (image 2) which is not registered in the existing damages list.,Side panel (Scratch),QA_Images\Page_2_Report_21,,,,,,
2026-05-28 15:44:44,2,22,DISCARD,"The only visible new damage is a minor cosmetic scratch/scuff on the passenger-side rear bumper in Image 0, but a person is clearly reflected in the car paint directly above the damage, violating Rule E (GDPR).",None,QA_Images\Page_2_Report_22,,,,,,
2026-05-28 15:44:56,2,23,MANUAL_REVIEW,Graffiti/paint vandalism (yellow tag) detected on the passenger side panel/sliding door (Rule B).,Sliding door (Scratch),QA_Images\Page_2_Report_23,,,,,,
2026-05-28 15:45:15,2,24,NEW_DAMAGE,The wheel arch trim on the passenger side rear side panel is loose/detached near the door seam.,Side panel (Loose),QA_Images\Page_2_Report_24,,,,,,
2026-05-28 15:46:08,2,25,DISCARD,"The visible damage on the driver-side front door (scuffs and scrapes on the door panel and lower edge) is already registered in the system under ID 56005 (FRONT_LEFT, DOOR, SCUFFED, TWO_HANDS). No new damages were identified.",None,QA_Images\Page_2_Report_25,,,,,,
2026-05-28 15:46:18,2,26,DISCARD,"The only notable finding is the missing wheel cover on the passenger side front wheel, which must be ignored per Rule C. No other new damages were detected.",None,QA_Images\Page_2_Report_26,,,,,,
2026-05-28 15:46:28,2,27,DISCARD,"No new distinct damages were detected in the provided image. The vehicle's side panels, doors, and wheel cover appear to be in good condition, and any potential minor marks are either already registered or represent reflections/dirt.",None,QA_Images\Page_2_Report_27,,,,,,
2026-05-28 15:46:35,2,28,DISCARD,No new visible damage detected in the image. Only reflections of a person and the ground are visible on the car's body.,None,QA_Images\Page_2_Report_28,,,,,,
2026-05-28 15:46:43,2,29,DISCARD,The visible scuff/scratch on the plastic fender arch on the front right wheel (Passenger Side - Front) is already registered in the system (ID 83069 and ID 82279). No other new damages are detected.,None,QA_Images\Page_2_Report_29,,,,,,
2026-05-28 15:46:52,2,30,DISCARD,GDPR: A person's face and upper body are clearly reflected in the car paint in image 1 for a minor cosmetic damage.,None,QA_Images\Page_2_Report_30,,,,,,
2026-05-28 15:47:02,2,31,NEW_DAMAGE,Found a distinct new bump/dent damage on the front passenger-side fender that is not currently registered.,Fender (Bump/dent),QA_Images\Page_2_Report_31,,,,,,
2026-05-28 15:47:20,2,32,DISCARD,GDPR: A person's face is clearly visible in the reflection of the car paint in image 2.,None,QA_Images\Page_2_Report_32,,,,,,
2026-05-28 15:47:35,2,33,DISCARD,"No new distinct damages found. The minor cosmetic scratch on the passenger-side front door shown in image 2 contains a clear reflection of a person in the vehicle's glossy paint, triggering GDPR Rule E (DISCARD). All other visible damages are either already registered or insignificant.",None,QA_Images\Page_2_Report_33,,,,,,
2026-05-28 15:47:47,2,34,NEW_DAMAGE,Found a distinct new scuff on the lower side panel trim near the rear wheel.,Side panel (Scuffed),QA_Images\Page_2_Report_34,,,,,,
2026-05-28 15:48:08,2,35,NEW_DAMAGE,"Found a distinct new scratch on the driver-side front bumper, which is not registered in the existing damages.",Bumper (Scratch),QA_Images\Page_2_Report_35,,,,,,
2026-05-28 15:48:22,2,36,DISCARD,"A person's face and upper body are clearly reflected in the vehicle's paint on the fender, which violates GDPR guidelines for cosmetic damage reports (Rule E).",None,QA_Images\Page_2_Report_36,,,,,,
2026-05-28 15:48:43,2,37,DISCARD,"The only potential cosmetic damage (the bump/dent on the trunk lid in Image 0) contains a clear and recognizable reflection of a person in the car paint, which violates GDPR policy under Rule E. The remaining images (1, 2, and 3) show scratched wheel covers/hubcaps, which must be ignored under Rule C.",None,QA_Images\Page_2_Report_37,,,,,,
2026-05-28 15:48:56,2,38,NEW_DAMAGE,Found a distinct new scratch on the driver's side front door which is not covered by the existing 'Bump/dent' record for this location.,Door (Scratch),QA_Images\Page_2_Report_38,,,,,,
2026-05-28 15:49:15,2,39,DISCARD,A person is clearly reflected in the car paint in the images showing the minor cosmetic damage (Rule E - GDPR compliance).,None,QA_Images\Page_2_Report_39,,,,,,
2026-05-28 15:49:33,2,40,DISCARD,"All visible damages, including the bump/dent on the front-right fender and the scuffs on the front-left bumper, are already registered in the system. No new distinct damages were found.",None,QA_Images\Page_2_Report_40,,,,,,
2026-05-28 15:49:45,2,41,NEW_DAMAGE,Found significant unregistered bump/dent damage on the lower section of the sliding door on the passenger side.,Sliding door (Bump/dent),QA_Images\Page_2_Report_41,,,,,,
2026-05-28 15:50:14,2,42,DISCARD,"The only visible new cosmetic issue is a minor scratch on the front bumper (driver side) in image 0, but a person is clearly reflected in the car paint, which requires discarding the report per Rule E (GDPR). No other new damages are detected.",None,QA_Images\Page_2_Report_42,,,,,,
2026-05-28 15:50:30,2,43,NEW_DAMAGE,Found a distinct new bump/dent on the driver-side front bumper that is not registered in the existing damages (which only lists a scratch).,Bumper (Bump/dent),QA_Images\Page_2_Report_43,,,,,,
2026-05-28 15:50:48,2,44,NEW_DAMAGE,"Detected a loose/detached rocker panel trim piece (side panel) on the passenger side rear, which is not covered by the existing front-right side panel registration.",Side panel (Loose),QA_Images\Page_2_Report_44,,,,,,
2026-05-28 15:51:38,2,45,NEW_DAMAGE,Found two distinct new damages on the passenger side front area: a dent on the fender and a scratch on the bumper. Neither is covered in the existing registered damages list.,Fender (Bump/dent) | Bumper (Scratch),QA_Images\Page_2_Report_45,,,,,,
2026-05-28 15:52:09,2,46,NEW_DAMAGE,"Found a distinct new scratch on the fender paint next to the wheel arch trim (Image 0), which is not listed in the existing registered damages.",Fender (Scratch),QA_Images\Page_2_Report_46,,,,,,
2026-05-28 15:52:29,2,47,NEW_DAMAGE,"Found distinct new damage on the rear-right sliding door (large bump/dent), which is not registered in the existing database (only the rear-right side panel is registered).",Sliding door (Bump/dent),QA_Images\Page_2_Report_47,,,,,,
2026-05-28 15:52:42,2,48,DISCARD,The visible scuffing and scratch damage on the front right bumper corner is already registered under existing damage ID 65184.,None,QA_Images\Page_2_Report_48,,,,,,
2026-05-28 15:52:51,2,49,DISCARD,"The scratch on the rear-left bumper (Driver Side - Rear) is already registered under ID 95283. Furthermore, there is a highly visible reflection of a person in the car's paint, which requires discarding the image under Rule E (GDPR).",None,QA_Images\Page_2_Report_49,,,,,,
2026-05-28 15:53:01,2,50,DISCARD,"The visible damage on the front-left bumper is already registered as an existing damage (ID 81073: FRONT_LEFT BUMPER SCUFFED). Additionally, there is a clear reflection of a person in the car's glossy paintwork, which falls under the GDPR discard rule.",None,QA_Images\Page_2_Report_50,,,,,,
2026-05-28 15:53:10,2,51,DISCARD,The visible damage on the engine hood (bump/dent on the front-left / Driver Side - Front) is already registered under damage ID 67361.,None,QA_Images\Page_2_Report_51,,,,,,
2026-05-28 15:53:19,2,52,MANUAL_REVIEW,"The tire on the passenger side rear wheel is completely missing or shredded (bare rim on the ground), which requires manual review under Rule A (Safety/StVO/slashed tires).",Tyres (Missing),QA_Images\Page_2_Report_52,,,,,,
2026-05-28 15:53:34,2,53,NEW_DAMAGE,"Found a distinct new scratch on the rear right side panel (passenger side - rear) near the fuel cap, which is not registered in the existing damages.",Side panel (Scratch),QA_Images\Page_2_Report_53,,,,,,
2026-05-28 15:55:08,2,78,DISCARD,The visible scratch on the front right bumper is already registered under ID 92864. No distinct new damages are identified in the provided image.,None,QA_Images\Page_2_Report_78,,,,,,
2026-05-28 15:55:16,2,79,DISCARD,GDPR violation: A person's reflection is clearly visible in the glossy car paint above the minor cosmetic damage.,None,QA_Images\Page_2_Report_79,,,,,,
2026-05-28 15:55:26,2,80,NEW_DAMAGE,Found a new scratch on the rear bumper that is not registered in the existing damages.,Bumper (Scratch),QA_Images\Page_2_Report_80,,,,,,
2026-05-28 15:55:40,2,81,NEW_DAMAGE,Detected a new dent on the front left fender (Driver Side - Front) that is not in the list of existing damages.,Fender (Bump/dent),QA_Images\Page_2_Report_81,,,,,,
2026-05-28 15:56:04,2,82,NEW_DAMAGE,Found a new scratch/scuff on the front passenger-side fender wheel arch trim that is not covered by the existing bumper registration.,Fender (Scratch),QA_Images\Page_2_Report_82,,,,,,
2026-05-28 15:56:23,2,83,DISCARD,"No new distinct damages detected. The missing wheel cover on the front-left wheel is ignored per Rule C, and all other visible conditions are either pre-existing registered damages or reflections/dirt.",None,QA_Images\Page_2_Report_83,,,,,,
2026-05-28 15:56:36,2,84,MANUAL_REVIEW,Found a new broken taillight (safety-relevant damage under Rule A) on the Driver Side - Rear.,Lights (Broken),QA_Images\Page_2_Report_84,,,,,,
2026-05-28 15:56:54,2,85,DISCARD,"All visible damages, including the large dent on the rear-left side panel (driver's side) and any rear door area markings, are already registered in the system (e.g., ID 85193, 64626). No new damages were found.",None,QA_Images\Page_2_Report_85,,,,,,
2026-05-28 15:57:15,2,86,NEW_DAMAGE,Found distinct new cosmetic damages on the driver side front and rear bumpers.,Bumper (Scuffed) | Bumper (Scratch),QA_Images\Page_2_Report_86,,,,,,
2026-05-28 15:57:47,2,87,NEW_DAMAGE,Found distinct new heavy dent and scratch damages on the driver side rear door and rear fender that are not in the existing registered list.,Door (Bump/dent) | Fender (Scratch),QA_Images\Page_2_Report_87,,,,,,
2026-05-28 15:58:08,2,88,DISCARD,"The damage shown in Image 0 (scuffed front right bumper) is already registered under ID 93317. Image 1 shows minor scratches in the door handle recess, but a person is clearly reflected in the car paint, triggering Rule E (GDPR discard).",None,QA_Images\Page_2_Report_88,,,,,,
2026-05-28 15:58:31,2,89,NEW_DAMAGE,Identified a new damage on the front license plate which is not in the list of existing registered damages. Bumper damage in image 0 was omitted due to GDPR reflection rules.,License Plate (Scuffed),QA_Images\Page_2_Report_89,,,,,,
2026-05-28 15:59:33,3,1,DISCARD,"All visible damages, such as the advanced corrosion on the rear right side panel and the dents on the rear right fender, are already registered in the database. No new damages were identified.",None,QA_Images\Page_3_Report_1,,,,,,
2026-05-28 15:59:35,3,2,DISCARD,No valid images found.,None,QA_Images\Page_3_Report_2,,,,,,
2026-05-28 15:59:54,3,3,DISCARD,GDPR violation: A person is clearly reflected in the vehicle's paint in Image 3 showing a minor cosmetic scratch.,None,QA_Images\Page_3_Report_3,,,,,,
2026-05-28 ä16:00:14,3,4,NEW_DAMAGE,"Found distinct new heavy dent damages on the driver-side front and rear doors, which are not registered in the existing damages database.",Door (Bump/dent) | Door (Bump/dent),QA_Images\Page_3_Report_4,,,,,,
2026-05-28 16:00:40,3,5,DISCARD,"The images contain clear reflections of a person (legs/shoes) in the vehicle's glossy black paint while documenting minor cosmetic damage, triggering Rule E (GDPR) to discard.",None,QA_Images\Page_3_Report_5,,,,,,
2026-05-28 16:00:58,3,6,NEW_DAMAGE,Found a new bump/dent on the bottom edge of the rear left door (trunklid) and scuffs on the rear bumper.,Trunklid (Bump/dent) | Bumper (Scuffed),QA_Images\Page_3_Report_6,,,,,,
2026-05-28 16:01:24,3,7,NEW_DAMAGE,Found a new scratch on the front passenger door (Passenger Side - Front) that is not registered in the existing damages.,Door (Scratch),QA_Images\Page_3_Report_7,,,,,,
2026-05-28 16:01:42,3,8,NEW_DAMAGE,"Found new bump/dent on the edge of the rear door (trunklid) and scuffs on the rear bumper, none of which are in the existing damages list.",Trunklid (Bump/dent) | Bumper (Scuffed),QA_Images\Page_3_Report_8,,,,,,
2026-05-28 16:02:12,3,9,NEW_DAMAGE,"A new dent was identified on the front door on the passenger side, which is not listed in the existing registered damages.",Door (Bump/dent),QA_Images\Page_3_Report_9,,,,,,
2026-05-28 16:02:30,3,10,DISCARD,GDPR issue: A person is clearly reflected in the car's paint in image 1 for minor cosmetic damage.,None,QA_Images\Page_3_Report_10,,,,,,
2026-05-28 16:02:39,3,11,DISCARD,"A person is clearly reflected in the car paint near the minor cosmetic scratches (scuffs on the front bumper/fender), which requires discarding the image under GDPR rules (Rule E).",None,QA_Images\Page_3_Report_11,,,,,,
2026-05-28 16:02:49,3,12,DISCARD,"GDPR Rule E: A person's reflection is clearly visible in the car paint on the fender, which constitutes a discard condition.",None,QA_Images\Page_3_Report_12,,,,,,
2026-05-28 16:03:03,3,13,DISCARD,"All visible damages on the front right fender and bumper are already registered (IDs 85610 and 80721). The concentric circular pattern on the hood in image 2 is a camera lens flare reflection, not physical damage. No other new damages are detected.",None,QA_Images\Page_3_Report_13,,,,,,
2026-05-28 16:03:13,3,14,DISCARD,"A person is clearly reflected in the car's glossy paint next to the minor cosmetic damage, triggering the GDPR rule (Rule E).",None,QA_Images\Page_3_Report_14,,,,,,
2026-05-28 16:03:33,3,15,DISCARD,All visible damages in the images are already registered (such as the broken and taped rear-left bumper) or consist of ignored items like dirt and minor wheel cover scuffs.,None,QA_Images\Page_3_Report_15,,,,,,
2026-05-28 16:03:56,3,16,NEW_DAMAGE,Found a distinct new damage on the rear bumper (dent and scuffing) which is not registered in the existing damages list.,Bumper (Bump/dent),QA_Images\Page_3_Report_16,,,,,,
2026-05-28 16:04:09,3,17,DISCARD,GDPR violation: A person's face is clearly reflected in the car's glossy paintwork next to the minor cosmetic damage.,None,QA_Images\Page_3_Report_17,,,,,,
2026-05-28 16:04:27,3,18,DISCARD,"The damages shown on the front left door in Images 0 and 1 are already registered (IDs 90031, 91465). The scratch at the bottom of the door in Image 3 shows a clear, identifiable reflection of a person's face and body in the window/paint, which violates Rule E (GDPR) for minor cosmetic damage. No other valid unregistered damages are detected.",None,QA_Images\Page_3_Report_18,,,,,,
2026-05-28 16:04:36,3,19,DISCARD,"No new damages found. The existing bumper scuff on the front-left is already registered, and no other visible damages are present on the shown vehicle parts.",None,QA_Images\Page_3_Report_19,,,,,,
2026-05-28 16:04:50,3,20,DISCARD,No new damages detected. The modification of the 'MILES' sticker to 'MILFS' on the rear left side is ignored as it only affects the advertising sticker (Rule D).,None,QA_Images\Page_3_Report_20,,,,,,
2026-05-28 16:05:07,3,21,DISCARD,The loose bumper on the front-left (Driver Side - Front) shown in Image 0 is already registered under ID 94720. The scratch on the wheel cover in Image 1 is ignored per Rule C. The minor scratch on the front-left bumper in Image 1 is consolidated under the more severe existing 'loose' bumper damage for this spot.,None,QA_Images\Page_3_Report_21,,,,,,
2026-05-28 16:05:20,3,22,NEW_DAMAGE,A new bump/dent was identified on the rear-left side panel (driver's side rear) which is not registered in the existing damages list.,Side panel (Bump/dent),QA_Images\Page_3_Report_22,,,,,,
2026-05-28 16:05:45,3,23,NEW_DAMAGE,"A new scratch was identified on the driver's side rear door (Image 3), which is not listed in the existing registered damages.",Door (Scratch),QA_Images\Page_3_Report_23,,,,,,
2026-05-28 16:06:06,3,24,DISCARD,No damages detected on the vehicle in the provided images.,None,QA_Images\Page_3_Report_24,,,,,,
2026-05-28 16:06:14,3,25,DISCARD,"The scratch on the passenger-side front bumper is already registered in the system (FRONT_RIGHT, BUMPER, SCRATCH). Additionally, a person is clearly reflected in the vehicle's glossy black paint, which requires discarding the image under GDPR rules for minor cosmetic damages.",None,QA_Images\Page_3_Report_25,,,,,,
2026-05-28 16:06:30,3,26,DISCARD,The prominent bump/dent on the front-left door shown in Image 0 is already registered under ID 71433. No other new damages were found in the provided images.,None,QA_Images\Page_3_Report_26,,,,,,
2026-05-28 16:06:48,3,27,NEW_DAMAGE,Found a new scratch on the front bumper on the driver's side (front-left).,Bumper (Scratch),QA_Images\Page_3_Report_27,,,,,,
2026-05-28 16:07:11,3,28,DISCARD,"The only images showing potential new damages (Image 0 and Image 3) contain clear, identifiable reflections of a person's legs and shoes in the high-gloss paint for minor cosmetic scratches, which violates GDPR/privacy rules (Rule E). The remaining images (Image 1 and Image 2) show scuffs and scratches on the front left bumper, which are already covered by existing registered damages 72394 and 94133.",None,QA_Images\Page_3_Report_28,,,,,,
2026-05-28 16:07:35,3,29,NEW_DAMAGE,Found two distinct unregistered damages: a scuff on the passenger side rear bumper and a dent/scratch on the bottom edge of the front passenger door.,Bumper (Scuffed) | Door (Bump/dent),QA_Images\Page_3_Report_29,,,,,,
2026-05-28 16:08:09,3,30,NEW_DAMAGE,A new scratch has been identified on the passenger side rear bumper (image 0) that is not listed in the existing registered damages.,Bumper (Scratch),QA_Images\Page_3_Report_30,,,,,,
2026-05-28 16:08:26,3,31,MANUAL_REVIEW,"The headlight lens is broken/cracked on the front passenger side, which triggers Rule A (StVO/Safety) requiring a manual review.",Lights (Broken),QA_Images\Page_3_Report_31,,,,,,
2026-05-28 16:08:36,3,32,DISCARD,GDPR compliance: Persons are clearly reflected in the car's glossy paintwork in the images showing minor cosmetic damages (Image 0 and Image 1).,None,QA_Images\Page_3_Report_32,,,,,,
2026-05-28 16:08:50,3,33,DISCARD,"No visible vehicle damage in the image. The yellow speckles on the hood and bumper are pollen/dust, which does not constitute damage.",None,QA_Images\Page_3_Report_33,,,,,,
2026-05-28 16:09:03,3,34,NEW_DAMAGE,"Detected a newly missing lower protective trim/molding on the passenger side rear sliding door, exposing the mounting holes, which is not registered in the existing damages.",Sliding door (Missing),QA_Images\Page_3_Report_34,,,,,,
2026-05-28 16:09:17,3,35,DISCARD,"A person (legs and shoes) is clearly reflected in the car's paint for a minor cosmetic scratch, which triggers Rule E (GDPR).",None,QA_Images\Page_3_Report_35,,,,,,
2026-05-28 16:09:24,3,36,NEW_DAMAGE,Found distinct new damages,Bumper (Scuffed),QA_Images\Page_3_Report_36,,,,,,
2026-05-28 16:09:53,3,37,NEW_DAMAGE,Found a new significant bump/dent on the front bumper on the passenger side (front right) that is not currently registered.,Bumper (Bump/dent),QA_Images\Page_3_Report_37,,,,,,
2026-05-28 16:10:14,3,38,DISCARD,"A person's reflection (holding a phone, torso and legs visible) is clearly captured in the car's paint in Image 0 for a minor cosmetic scratch, violating GDPR guidelines (Rule E).",None,QA_Images\Page_3_Report_38,,,,,,
2026-05-28 16:10:31,3,40,NEW_DAMAGE,"Found a new scratch on the driver's side front door under the exterior mirror, which is not registered in the existing damages list.",Door (Scratch),QA_Images\Page_3_Report_40,,,,,,
2026-05-28 16:10:43,3,41,NEW_DAMAGE,Found distinct new damages,Side panel (Scratch),QA_Images\Page_3_Report_41,,,,,,
2026-05-28 16:11:09,3,44,NEW_DAMAGE,"Detected a new scratch on the passenger side rear sliding door, which is not listed in the existing registered damages (the existing damage 82802 is on the sidewall panel behind the door).",Sliding door (Scratch),QA_Images\Page_3_Report_44,,,,,,
2026-05-28 16:11:43,3,45,NEW_DAMAGE,"Found significant new bump/dent damage on the passenger side rear sliding door, featuring severe deformation and completely missing lower protective cladding.",Sliding door (Bump/dent),QA_Images\Page_3_Report_45,,,,,,
2026-05-28 16:11:59,3,46,NEW_DAMAGE,Found a distinct new bump/dent on the rear bumper on the driver's side (rear left) which is not registered in the existing damages (the existing rear-left damage is a scratch on the fender).,Bumper (Bump/dent),QA_Images\Page_3_Report_46,,,,,,
2026-05-28 16:12:23,3,47,NEW_DAMAGE,Identified a new scratch on the passenger side front door and a dent on the passenger side front wheel rim.,Door (Scratch) | Wheel rim (Bump/dent),QA_Images\Page_3_Report_47,,,,,,
2026-05-28 16:12:59,3,48,MANUAL_REVIEW,"Graffiti/paint vandalism ('vokeys' tag) detected on the passenger-side sliding door in Image 2, which triggers Rule B for manual review. Additionally, a missing rear logo was identified in Image 3.",Sliding door (Scratch) | Logo (Missing),QA_Images\Page_3_Report_48,,,,,,
2026-05-28 16:13:12,3,49,DISCARD,"No new damages identified. All visible conditions are either already registered under existing damages (such as the scuffed front-left fender and front-right bumper) or represent normal road dirt, reflections, and environmental debris.",None,QA_Images\Page_3_Report_49,,,,,,
2026-05-28 16:13:22,3,50,DISCARD,"No new damages detected. The pink vertical lines visible on the doors are temporary strings/ribbons hanging on the vehicle, not scratches or structural damage.",None,QA_Images\Page_3_Report_50,,,,,,
2026-05-28 16:13:33,3,51,NEW_DAMAGE,The 'A' letter from the 'CUPRA' logo on the front of the vehicle is missing.,Logo (Missing),QA_Images\Page_3_Report_51,,,,,,
2026-05-28 16:13:51,3,52,DISCARD,"No distinct new damages identified in the provided images. Image 1 contains a clear reflection of a person in the car paint (violating GDPR guidelines for minor cosmetic reports), and no other valid new damages are visible.",None,QA_Images\Page_3_Report_52,,,,,,
2026-05-28 16:14:10,3,53,DISCARD,"All visible damages in the images are either already registered (front-right bumper scuff, rear-left door scratches/dents, rear-right side panel scuff), ignored per guidelines (scratched wheel cover in Image 3), or contain GDPR-sensitive reflections (a person's face is clearly reflected in the paint in Image 0). No distinct new damages were found.",None,QA_Images\Page_3_Report_53,,,,,,
2026-05-28 16:16:55,4,1,DISCARD,A person's face and body are clearly reflected in the car's black paint (GDPR issue under Rule E for minor cosmetic damage).,None,QA_Images\Page_4_Report_1,,,,,,
2026-05-28 16:17:08,4,2,NEW_DAMAGE,Found a distinct new green scratch on the passenger side rear side panel that is not registered in the existing damages.,Side panel (Scratch),QA_Images\Page_4_Report_2,,,,,,
2026-05-28 16:17:32,4,3,MANUAL_REVIEW,"Graffiti vandalism ('MILFS' and hand tags) detected on the passenger side panel (Image 0), which requires manual review under Rule B. Additionally, a new, unregistered heavy dent was found on the rear left door (Trunklid).",Trunklid (Bump/dent) | Side panel (Scratch),QA_Images\Page_4_Report_3,,,,,,
2026-05-28 16:17:53,4,4,NEW_DAMAGE,Detected distinct new damages on the front passenger door and the front license plate holder that are not registered in the existing damages list.,Door (Bump/dent) | License Plate (Broken),QA_Images\Page_4_Report_4,,,,,,
2026-05-28 16:18:25,4,5,NEW_DAMAGE,Found distinct new cosmetic damages: a scratch on the passenger side rear door and a scratch on the rear bumper.,Door (Scratch) | Bumper (Scratch),QA_Images\Page_4_Report_5,,,,,,
2026-05-28 16:18:49,4,6,NEW_DAMAGE,Found a new scuff on the front passenger side wheel rim in image 1.,Wheel rim (Scuffed),QA_Images\Page_4_Report_6,,,,,,
2026-05-28 16:19:13,4,7,NEW_DAMAGE,Found distinct new cosmetic damages: a bump/dent on the rear passenger-side panel (visible in image 0) and scratches on the rear bumper (visible in image 2).,Side panel (Bump/dent) | Bumper (Scratch),QA_Images\Page_4_Report_7,,,,,,
2026-05-28 16:19:51,4,8,NEW_DAMAGE,A significant new horizontal dent/crease was identified on the driver-side front door which is not listed in the existing registered damages.,Door (Bump/dent),QA_Images\Page_4_Report_8,,,,,,
2026-05-28 16:20:09,4,9,DISCARD,"All visible damages in the images, including the bent front license plate (ID 94093), the missing front-right wheel cover (ID 61376), and the right-side door scuffs (ID 57407), are already registered in the system.",None,QA_Images\Page_4_Report_9,,,,,,
2026-05-28 16:20:17,4,10,DISCARD,"A person is clearly reflected in the car paint for a minor cosmetic damage, which violates GDPR guidelines (Rule E).",None,QA_Images\Page_4_Report_10,,,,,,
2026-05-28 16:20:31,4,11,DISCARD,"The image shows the rear left side of the vehicle, which corresponds to the already registered damage (SCRATCH on the REAR_LEFT SIDE_PANEL). No new distinct damages are visible.",None,QA_Images\Page_4_Report_11,,,,,,
2026-05-28 16:20:47,4,12,DISCARD,"The images show a minor cosmetic scratch on the front-left fender, but there is a clear reflection of a person (hand, arm, and body) in the car's glossy paint. According to Rule E (GDPR), the report must be discarded.",None,QA_Images\Page_4_Report_12,,,,,,
2026-05-28 16:20:56,4,13,DISCARD,"No new damages detected. The only visible issue is the peeling of the MILES advertising sticker, which is ignored according to Rule D.",None,QA_Images\Page_4_Report_13,,,,,,
2026-05-28 16:21:16,4,14,DISCARD,"The photographer/person is clearly reflected in the car paint in both images for a minor cosmetic damage, which violates Rule E (GDPR).",None,QA_Images\Page_4_Report_14,,,,,,
2026-05-28 16:21:39,4,15,NEW_DAMAGE,"Found distinct new damages: a scratch on the driver's side front fender and scuffing on the driver's side rear side panel, which are not currently registered in the database.",Fender (Scratch) | Side panel (Scuffed),QA_Images\Page_4_Report_15,,,,,,
2026-05-28 16:22:07,4,16,NEW_DAMAGE,"Found a new scratch on the driver side rear bumper (Driver Side - Rear) in image 1, which is not registered in the existing damages.",Bumper (Scratch),QA_Images\Page_4_Report_16,,,,,,
2026-05-28 16:22:29,4,17,NEW_DAMAGE,Found a distinct new scratch on the rear door on the passenger side (Passenger Side - Rear) that is not registered in the existing damages database.,Door (Scratch),QA_Images\Page_4_Report_17,,,,,,
2026-05-28 16:22:57,4,18,NEW_DAMAGE,"Identified a new scratch on the passenger-side front bumper, while the rear-right fender damage shown in other images is already registered.",Bumper (Scratch),QA_Images\Page_4_Report_18,,,,,,
2026-05-28 16:23:14,4,19,NEW_DAMAGE,"Detected a new scuff on the rear driver-side bumper corner, which is not registered in the existing database (only front right bumper damage is currently registered).",Bumper (Scuffed),QA_Images\Page_4_Report_19,,,,,,
2026-05-28 16:23:28,4,20,DISCARD,GDPR issue: A person's face is clearly reflected in the vehicle's paintwork in image 0.,None,QA_Images\Page_4_Report_20,,,,,,
2026-05-28 16:23:37,4,21,DISCARD,The visible damage on the rear right bumper is already registered under ID 49777. No new damages were found in the image.,None,QA_Images\Page_4_Report_21,,,,,,
2026-05-28 16:23:57,4,22,DISCARD,"No new damages detected in the provided images. The vehicle parts shown (rear trunk/bumper in image 0 and front bumper/grille in image 1) do not display any new reportable scratches, dents, or other defects.",None,QA_Images\Page_4_Report_22,,,,,,
2026-05-28 16:24:16,4,25,NEW_DAMAGE,Detected a new scratch on the bumper at the front passenger side of the vehicle.,Bumper (Scratch),QA_Images\Page_4_Report_25,,,,,,
2026-05-28 16:24:40,4,26,NEW_DAMAGE,"Found a distinct new, severe scuff/scratch on the front-left bumper (Driver Side - Front) that is significantly larger and more severe than the existing 'one hand' scratch registered.",Bumper (Scuffed),QA_Images\Page_4_Report_26,,,,,,
2026-05-28 16:24:54,4,27,DISCARD,"The scuff on the front right bumper is already registered under ID 50154. Additionally, there is a clear reflection of a person in the vehicle's glossy paint, which triggers the GDPR discard rule.",None,QA_Images\Page_4_Report_27,,,,,,
2026-05-28 16:25:03,4,28,NEW_DAMAGE,"A new dent (ripple distortion in the reflection) was detected on the door panel, which does not match the registered front right bumper scuff.",Door (Bump/dent),QA_Images\Page_4_Report_28,,,,,,
2026-05-28 16:25:15,4,29,DISCARD,"A person's legs, shoes, and reflection are clearly visible in the glossy paint of the vehicle bumper. According to Rule E (GDPR), if a person is reflected in the car paint for a minor cosmetic damage, the report must be discarded.",None,QA_Images\Page_4_Report_29,,,,,,
2026-05-28 16:25:28,4,30,DISCARD,"No distinct new damages identified; only road dust, pollen, and reflections are visible on the bumper and wheel.",None,QA_Images\Page_4_Report_30,,,,,,
2026-05-28 16:25:58,4,31,NEW_DAMAGE,"Found two distinct new damages: a broken fender wheel arch trim on the passenger side front, and a scratch on the driver side rear bumper.",Fender (Broken) | Bumper (Scratch),QA_Images\Page_4_Report_31,,,,,,
2026-05-28 16:26:23,4,32,DISCARD,"No new damages detected. The vehicle only shows surface dirt, pollen, and reflections, with no visible cosmetic or structural damages.",None,QA_Images\Page_4_Report_32,,,,,,
2026-05-28 16:27:01,4,33,NEW_DAMAGE,Found a new scratch/scuff marked with yellow detection crayon on the rear-left bumper corner.,Bumper (Scratch),QA_Images\Page_4_Report_33,,,,,,
2026-05-28 16:27:17,4,34,DISCARD,"The visible bumper scratch on the front passenger side is already registered in the system (ID 78576 / ID 79250). No new, unregistered damages are detected.",None,QA_Images\Page_4_Report_34,,,,,,
2026-05-28 16:27:30,4,35,NEW_DAMAGE,Found a distinct new scuff on the rear passenger-side wheel arch (fender).,Fender (Scuffed),QA_Images\Page_4_Report_35,,,,,,
2026-05-28 16:28:00,4,36,NEW_DAMAGE,"Detected distinct new scratch damages on the passenger side rear side panel and rear bumper, which are not in the existing registered damages list.",Side panel (Scratch) | Bumper (Scratch),QA_Images\Page_4_Report_36,,,,,,
2026-05-28 16:28:27,4,37,NEW_DAMAGE,"Found a new bump/dent (minor impact with paint chip) on the driver's side rear side panel, which is not registered in the existing damages.",Side panel (Bump/dent),QA_Images\Page_4_Report_37,,,,,,
2026-05-28 16:28:48,4,38,NEW_DAMAGE,Scratches detected on the rear bumper loading edge on the driver's side.,Bumper (Scratch),QA_Images\Page_4_Report_38,,,,,,
2026-05-28 16:29:14,4,39,NEW_DAMAGE,Found distinct new unregistered damages: a dent on the passenger side sliding door and a dent on the trunk lid/rear doors.,Sliding door (Bump/dent) | Trunklid (Bump/dent),QA_Images\Page_4_Report_39,,,,,,
2026-05-28 16:30:26,4,40,DISCARD,"The visible damage on the rear right fender (Passenger Side - Rear) is already registered under ID 83548 (REAR_RIGHT, FENDER, SCUFFED). No new distinct damages were found.",None,QA_Images\Page_4_Report_40,,,,,,
2026-05-28 16:30:37,4,41,NEW_DAMAGE,Detected a new damage where the rear bumper is unclipped/loose from the rear fender panel on the driver side - rear.,Bumper (Loose),QA_Images\Page_4_Report_41,,,,,,
2026-05-28 16:30:54,4,42,DISCARD,"The prominent bump/dent damage visible on the rear left fender is already registered in the system under ID 86275 (REAR_LEFT, FENDER, BUMP_DENT, TWO_HANDS). No other new reportable damages are detected.",None,QA_Images\Page_4_Report_42,,,,,,
2026-05-28 16:31:15,4,43,NEW_DAMAGE,"Found a distinct new scratch on the passenger side rear door in Image 0, which is not in the list of existing registered damages.",Door (Scratch),QA_Images\Page_4_Report_43,,,,,,
2026-05-28 16:31:39,4,44,DISCARD,"No new damages detected. The existing registered damages on the front-left bumper and rear-right fender are already known. Image 2 shows bird droppings (which is dirt, not damage) and contains a clear, identifiable reflection of a person (GDPR violation).",None,QA_Images\Page_4_Report_44,,,,,,
2026-05-28 16:31:51,4,45,DISCARD,All visible damages in the provided images (specifically the severe scratches and scuffs on the rear right side panel and fender) are already registered under IDs 88046 and 93059. The scratches on the wheel cover are cosmetic and should be ignored per Rule C.,None,QA_Images\Page_4_Report_45,,,,,,
2026-05-28 16:32:02,4,46,DISCARD,"A person's reflection (hand, phone, and upper body) is clearly visible in the glossy paint of the car door/bumper panel next to the minor cosmetic scuff, which violates the GDPR policy (Rule E).",None,QA_Images\Page_4_Report_46,,,,,,
2026-05-28 16:32:21,4,47,DISCARD,"A person is clearly reflected in the car's glossy paint in several high-resolution images (Image 0, Image 1, Image 2, and Image 3) depicting minor cosmetic scratches, which violates GDPR guidelines (Rule E).",None,QA_Images\Page_4_Report_47,,,,,,
2026-05-28 16:33:05,4,48,ERROR,Failed to get response from AI.,None,QA_Images\Page_4_Report_48,,,,,,
2026-05-28 16:33:29,4,49,DISCARD,"The damages depicted in the images are already registered in the system. Image 0 shows the front left bumper scratches (registered under ID 71477) and Image 1 shows the front right bumper scuffs (registered under ID 88996). No new, unregistered damages were found.",None,QA_Images\Page_4_Report_49,,,,,,
2026-05-28 16:33:39,4,50,MANUAL_REVIEW,"The tyre sidewall has a deep cut/gash (slashed tyre) which represents a safety risk under StVO/Safety (Rule A), requiring manual review.",Tyres (Broken),QA_Images\Page_4_Report_50,,,,,,
2026-05-28 16:33:45,4,51,DISCARD,"According to GDPR Rule E, the status is set to DISCARD because there are clear reflections of people in the shiny car paint for minor cosmetic damage.",None,QA_Images\Page_4_Report_51,,,,,,
2026-05-28 16:33:54,4,52,DISCARD,"A person is clearly reflected in the car's glossy paint, which violates GDPR guidelines for reporting minor cosmetic damages.",None,QA_Images\Page_4_Report_52,,,,,,
2026-05-28 16:34:47,4,53,NEW_DAMAGE,Found distinct new damages on the passenger side doors and rear bumper that are not registered in the system.,Door (Bump/dent) | Bumper (Scratch),QA_Images\Page_4_Report_53,,,,,,
2026-05-28 16:37:39,5,1,NEW_DAMAGE,"Found a new scuff damage on the plastic cladding and lower panel of the passenger side sliding door, which is not registered in the existing damages list (only a bump/dent is registered on this component).",Sliding door (Scuffed),QA_Images\Page_5_Report_1,,,,,,
2026-05-28 16:37:55,5,2,DISCARD,"The scuffing/scratch damage on the rear left plastic bumper is already registered under ID 95365 (REAR_LEFT, BUMPER, SCUFFED).",None,QA_Images\Page_5_Report_2,,,,,,
2026-05-28 16:38:07,5,3,NEW_DAMAGE,Found new scuffs on the rear bumper and scratches on the rear door (trunklid).,Trunklid (Scratch) | Bumper (Scuffed),QA_Images\Page_5_Report_3,,,,,,
2026-05-28 16:38:30,5,4,NEW_DAMAGE,Found distinct new cosmetic damage on the rear door (Driver Side - Rear) that is not part of the registered front-left door damages.,Door (Scuffed),QA_Images\Page_5_Report_4,,,,,,
2026-05-28 16:38:42,5,5,DISCARD,"The only visible damage on the front right bumper is already registered under ID 89391. Furthermore, there is a clear reflection of a person in the car paint.",None,QA_Images\Page_5_Report_5,,,,,,
2026-05-28 16:39:09,5,6,MANUAL_REVIEW,"Detected graffiti/vandalism ('MILFS' altered lettering on the driver side panel and roof) and a heavily taped, loose front bumper on both sides which poses a potential StVO safety hazard.",Bumper (Loose) | Bumper (Loose),QA_Images\Page_5_Report_6,,,,,,
2026-05-28 16:39:36,5,7,MANUAL_REVIEW,"The rear license plate in image 3 is mounted upside down, which violates German road traffic licensing regulations (StVZO / Rule A). Additionally, image 0 contains a minor cosmetic scratch with a clear reflection of a person (Rule E), and images 1 and 2 show scratched wheel covers which are ignored (Rule C).",License Plate (Loose),QA_Images\Page_5_Report_7,,,,,,
2026-05-28 16:39:46,5,8,DISCARD,"A person is clearly reflected in the car's glossy paintwork (legs and feet visible) next to the minor cosmetic damage, violating GDPR guidelines (Rule E).",None,QA_Images\Page_5_Report_8,,,,,,
2026-05-28 16:40:13,5,9,NEW_DAMAGE,Found distinct new damages on the passenger-side sliding door (large bump/dent) and the driver-side front door (dent) that are not present in the existing registered damages list.,Sliding door (Bump/dent) | Door (Bump/dent),QA_Images\Page_5_Report_9,,,,,,
2026-05-28 16:41:09,5,10,NEW_DAMAGE,Found a distinct new bump/dent damage on the driver's side sliding door (visible in Image 0) that is not registered in the existing damages database.,Sliding door (Bump/dent),QA_Images\Page_5_Report_10,,,,,,
2026-05-28 16:42:14,5,11,DISCARD,"The only new cosmetic damage is the minor dent on the rear door (Trunklid) in Image 0. However, this image contains a clear reflection of a person in the car paint, which requires discarding the report under Rule E (GDPR). All other visible damages on the sliding door and roof are already registered (ID 42782 and ID 84974).",None,QA_Images\Page_5_Report_11,,,,,,
2026-05-28 16:42:36,5,12,NEW_DAMAGE,"Identified a new scratch on the passenger side rear side panel, which is not covered by the existing registered damages.",Side panel (Scratch),QA_Images\Page_5_Report_12,,,,,,
2026-05-28 16:42:58,5,13,DISCARD,"GDPR: A person (legs and feet in sandals) is clearly reflected in the vehicle's glossy black paint in the front damage images (Images 0, 1, and 2). Additionally, the scratch on the wheel cover in Image 3 is ignored per Rule C.",None,QA_Images\Page_5_Report_13,,,,,,
2026-05-28 16:43:11,5,14,DISCARD,"Reflections of people (including a child's face and the photographer) are clearly visible in the car's glossy paint next to the minor cosmetic damages, violating GDPR guidelines (Rule E).",None,QA_Images\Page_5_Report_14,,,,,,
2026-05-28 16:43:22,5,15,DISCARD,The visible bump/dent on the front-left fender is already registered under ID 78774. No new damages are detected.,None,QA_Images\Page_5_Report_15,,,,,,
2026-05-28 16:43:35,5,16,NEW_DAMAGE,"A new scratch is detected on the driver-side front bumper, which is not registered in the existing damage list.",Bumper (Scratch),QA_Images\Page_5_Report_16,,,,,,
2026-05-28 16:43:58,5,17,NEW_DAMAGE,"Found a new bump/dent damage on the rear bumper (Passenger Side - Rear) in image 0, which is not currently registered in the system.",Bumper (Bump/dent),QA_Images\Page_5_Report_17,,,,,,
2026-05-28 16:44:10,5,18,NEW_DAMAGE,"Identified a scratch on the rear bumper loading edge, forced to a rear corner spot per the spot restrictions.",Bumper (Scratch),QA_Images\Page_5_Report_18,,,,,,
2026-05-28 16:44:26,5,19,DISCARD,"The scratch on the rear bumper is already covered by existing registered damages (e.g., ID 53478 / 85698 for Rear Right bumper scratch, or ID 81280 for Rear Left bumper scratch). Additionally, there is a clear reflection of a person in the car's paintwork.",None,QA_Images\Page_5_Report_19,,,,,,
2026-05-28 16:44:38,5,20,NEW_DAMAGE,"Detected a new, unregistered diagonal scratch on the trunklid on the passenger side - rear of the vehicle.",Trunklid (Scratch),QA_Images\Page_5_Report_20,,,,,,
2026-05-28 16:44:58,5,21,MANUAL_REVIEW,"Found a broken rear tail light on the passenger side (Image 2), which requires a manual safety review under Rule A (StVO/Safety: Broken/missing lights).",Lights (Broken),QA_Images\Page_5_Report_21,,,,,,
2026-05-28 16:45:27,5,22,NEW_DAMAGE,"Found distinct new damages, including a severe bump/dent with missing cladding on the rear right side panel and a bent front license plate.",Side panel (Bump/dent) | License Plate (Bump/dent),QA_Images\Page_5_Report_22,,,,,,
2026-05-28 16:45:52,5,23,DISCARD,A person is clearly reflected in the vehicle's paint and headlight reflection (Rule E - GDPR violation for minor cosmetic damage).,None,QA_Images\Page_5_Report_23,,,,,,
2026-05-28 16:46:02,5,24,DISCARD,The visible bump/dent on the trunklid above the Audi logo is already registered in the system under ID 70070. No other new damages are detected.,None,QA_Images\Page_5_Report_24,,,,,,
2026-05-28 16:46:15,5,25,MANUAL_REVIEW,"Detected a broken/punctured headlight lens on the Driver Side - Front, which falls under Rule A (safety hazard/broken lights) requiring manual review.",Lights (Broken),QA_Images\Page_5_Report_25,,,,,,
2026-05-28 16:46:23,5,26,NEW_DAMAGE,"Found a loose/damaged license plate at the rear, temporarily fixed with masking tape, which is not in the list of existing registered damages.",License Plate (Loose),QA_Images\Page_5_Report_26,,,,,,
2026-05-28 16:47:23,5,27,NEW_DAMAGE,Detected new distinct damages on the rear bumper and driver-side rear side panel that are not in the existing register.,Bumper (Scuffed) | Side panel (Scratch),QA_Images\Page_5_Report_27,,,,,,
2026-05-28 16:47:54,5,28,NEW_DAMAGE,"Found a new scratch/scuff on the rear passenger-side bumper, indicated by the finger.",Bumper (Scratch),QA_Images\Page_5_Report_28,,,,,,
2026-05-28 16:48:07,5,29,DISCARD,The visible damage on the front right bumper (loose/misaligned panel and scratch) is already registered in the system under existing damage IDs 57276 and 64043.,None,QA_Images\Page_5_Report_29,,,,,,
2026-05-28 16:48:15,5,30,DISCARD,"The visible damages in the image, specifically the missing wheel cover and the scuff on the rear-right bumper, are already registered under existing damage IDs 59974 and 45845.",None,QA_Images\Page_5_Report_30,,,,,,
2026-05-28 16:48:31,5,31,NEW_DAMAGE,Found a distinct new dent on the roof (driver side front) which is not in the registered damages.,Roof (Bump/dent),QA_Images\Page_5_Report_31,,,,,,
2026-05-28 16:49:00,5,32,DISCARD,No new damages detected. Any visible scratches on the front-left bumper or front-left door are already registered in the existing damages list.,None,QA_Images\Page_5_Report_32,,,,,,
2026-05-28 16:49:20,5,33,MANUAL_REVIEW,"Broken headlight lens detected on the front of the vehicle, which requires a manual safety review under Rule A.",Lights (Broken),QA_Images\Page_5_Report_33,,,,,,
2026-05-28 16:49:30,5,34,DISCARD,"A person is clearly reflected in the car's paint in Image 0. According to Rule E (GDPR), if a person is reflected in the paint for minor cosmetic damage, the report must be discarded.",None,QA_Images\Page_5_Report_34,,,,,,
2026-05-28 16:49:47,5,35,MANUAL_REVIEW,Graffiti/paint vandalism ('MOVEL!') detected on the rear bumper trim on the passenger side rear.,Bumper (Scratch),QA_Images\Page_5_Report_35,,,,,,
2026-05-28 16:49:54,5,36,DISCARD,"A person is clearly reflected in the upper-right section of the car's paint and window, which violates the GDPR privacy guidelines for minor cosmetic damage (Rule E).",None,QA_Images\Page_5_Report_36,,,,,,
2026-05-28 16:50:13,5,37,NEW_DAMAGE,"A severe new bump/dent was identified on the driver's side front door, which is significantly more severe than the previously registered scuff on this component.",Door (Bump/dent),QA_Images\Page_5_Report_37,,,,,,
2026-05-28 16:50:33,5,38,DISCARD,"A person is clearly reflected in the car paint in Image 1 for a minor cosmetic scratch on the door, which triggers Rule E (GDPR).",None,QA_Images\Page_5_Report_38,,,,,,
2026-05-28 16:50:46,5,39,DISCARD,"The images depict the rear right fender and bumper areas, which correspond to the already registered existing damages (IDs 95023 and 95024). No distinct new damages were found.",None,QA_Images\Page_5_Report_39,,,,,,
2026-05-28 16:51:01,5,40,DISCARD,No new distinct damages were identified in the provided images. The areas shown are either free of damage or contain only minor reflections and existing registered damages.,None,QA_Images\Page_5_Report_40,,,,,,
2026-05-28 16:51:13,5,41,DISCARD,The scratch on the engine hood shown in the images is already registered under existing damage IDs 48535 and 92922. No other new damages are detected.,None,QA_Images\Page_5_Report_41,,,,,,
2026-05-28 16:51:46,5,42,NEW_DAMAGE,Found distinct unregistered cosmetic damages on the rear trunk lid (rear left door) and the passenger side rear side panel.,Trunklid (Bump/dent) | Side panel (Bump/dent),QA_Images\Page_5_Report_42,,,,,,
2026-05-28 16:52:18,5,43,NEW_DAMAGE,Detected a new bump/dent on the rear passenger-side panel (rear fender) which is not listed in the existing registered damages.,Side panel (Bump/dent),QA_Images\Page_5_Report_43,,,,,,
2026-05-28 16:52:38,5,44,MANUAL_REVIEW,"The passenger side rear tyre is completely deflated/flat, which poses a severe safety issue (StVO/Safety violation under Rule A).",Tyres (Broken),QA_Images\Page_5_Report_44,,,,,,
2026-05-28 16:52:50,5,45,DISCARD,"The only significant damage visible is the missing front-right bumper grille in Image 0, which is already registered under existing damage ID 67922. No other distinct new damages are present.",None,QA_Images\Page_5_Report_45,,,,,,
2026-05-28 16:53:00,5,46,DISCARD,No new reportable damages detected. The missing wheel cover (hubcap) on the steel rim is ignored according to Rule C.,None,QA_Images\Page_5_Report_46,,,,,,
2026-05-28 16:53:12,5,47,NEW_DAMAGE,"Detected a new scratch on the driver's side rear door, adjacent to the front door handle gap, which is not covered by the existing passenger-side (REAR_RIGHT) damage registration.",Door (Scratch),QA_Images\Page_5_Report_47,,,,,,
2026-05-28 16:53:25,5,48,DISCARD,"The damage shown on the passenger-side front bumper (scuffing/scratching) is already registered under ID 40157 (FRONT_RIGHT, BUMPER, SCUFFED). No other distinct new damages are detected.",None,QA_Images\Page_5_Report_48,,,,,,
2026-05-28 16:53:38,5,49,DISCARD,All photographed issues are either already registered or must be ignored according to the guidelines. The scratched wheel covers in images 0 and 1 are ignored per Rule C. The missing/damaged antenna in image 2 is ignored per Rule F. The bumper scuffs in image 3 are already registered under ID 45850 (REAR_LEFT BUMPER SCUFFED).,None,QA_Images\Page_5_Report_49,,,,,,
2026-05-28 16:53:52,5,50,DISCARD,"No distinct new damages identified. Image 0 shows water droplets on the front bumper and Image 1 shows dirty water run-off streaks on the lower side panel/door, with no cosmetic or structural damage visible.",None,QA_Images\Page_5_Report_50,,,,,,
2026-05-28 16:54:11,5,51,DISCARD,"All visible damages in the provided images (including the dents/scuffs on the passenger-side sliding door, passenger-side rear side panel, and trunklid/tailgate) are already registered in the system.",None,QA_Images\Page_5_Report_51,,,,,,
2026-05-28 16:54:26,5,52,NEW_DAMAGE,Detected a distinct bump/dent on the lower rear bumper on the driver's side.,Bumper (Bump/dent),QA_Images\Page_5_Report_52,,,,,,
2026-05-28 16:55:07,5,53,NEW_DAMAGE,"Found a new distinct bump/dent on the roof on the passenger side front, which is not in the list of existing registered damages.",Roof (Bump/dent),QA_Images\Page_5_Report_53,,,,,,
2026-05-28 16:55:26,5,54,NEW_DAMAGE,Found a loose front bumper section on the passenger side front of the vehicle.,Bumper (Loose),QA_Images\Page_5_Report_54,,,,,,
2026-05-28 16:58:33,6,1,NEW_DAMAGE,"Found a distinct new scratch on the roof panel, which is not registered in the existing damages.",Roof (Scratch),QA_Images\Page_6_Report_1,,,,,,
2026-05-28 16:59:30,6,2,MANUAL_REVIEW,"The rear license plate is loose and hanging off, which poses an StVO/safety issue as it is at risk of falling off. Additionally, new scuff damage was found on the driver-side exterior mirror.",License Plate (Loose) | Exterior mirror (Scuffed),QA_Images\Page_6_Report_2,,,,,,
2026-05-28 17:00:15,6,3,DISCARD,"All visible damages in the images, including the misaligned/loose front right bumper joint, are already registered in the existing damage database (ID: 87357).",None,QA_Images\Page_6_Report_3,,,,,,
2026-05-28 17:00:33,6,4,NEW_DAMAGE,Found distinct new damages on both the rear driver and passenger sides of the vehicle.,Side panel (Bump/dent) | Side panel (Scratch),QA_Images\Page_6_Report_4,,,,,,
2026-05-28 17:01:17,6,5,DISCARD,"A person is reflected in the car paint next to the minor cosmetic damage, triggering Rule E (GDPR).",None,QA_Images\Page_6_Report_5,,,,,,
2026-05-28 17:01:34,6,6,NEW_DAMAGE,"Found a new bump/dent on the lower front bumper lip, located under the left side of the license plate (Passenger Side - Front), which is not listed in the existing registered damages.",Bumper (Bump/dent),QA_Images\Page_6_Report_6,,,,,,
2026-05-28 17:02:08,6,7,DISCARD,"The damage shown in the image is on the rear-left bumper, which is already registered as an existing damage (ID 82899, REAR_LEFT, BUMPER, SCUFFED).",None,QA_Images\Page_6_Report_7,,,,,,
2026-05-28 17:02:18,6,8,DISCARD,"The visible scratch on the rear right bumper is already registered under ID 90771. Additionally, there is a clear reflection of a person in the paint on both images.",None,QA_Images\Page_6_Report_8,,,,,,
2026-05-28 17:02:39,6,9,NEW_DAMAGE,Found a distinct new bump/dent damage on the driver's side rear bumper. The existing registered damages only cover the front left side panel and front right bumper.,Bumper (Bump/dent),QA_Images\Page_6_Report_9,,,,,,
2026-05-28 17:03:03,6,10,DISCARD,GDPR: A person's face is clearly visible and reflected in the car paint/window in image 0.,None,QA_Images\Page_6_Report_10,,,,,,
2026-05-28 17:03:23,6,11,DISCARD,All visible damages in the images are either already registered (bumper scratches on the front left and front right) or are ignored per guidelines (scratched wheel cover in image 0). No new reportable damages were found.,None,QA_Images\Page_6_Report_11,,,,,,
2026-05-28 17:03:31,6,12,DISCARD,The visible damage (loose chrome strip/bumper trim on the front-left / driver's side front) is already registered under ID 49810 (FRONT_LEFT BUMPER LOOSE).,None,QA_Images\Page_6_Report_12,,,,,,
2026-05-28 17:03:46,6,13,DISCARD,"A person is clearly reflected in the car's glossy paint next to the minor cosmetic damages (specifically a clear face reflection on the front bumper in image 2, and body reflections in images 0 and 1), which violates GDPR guidelines under Rule E.",None,QA_Images\Page_6_Report_13,,,,,,
2026-05-28 17:03:58,6,14,DISCARD,"No new reportable damages found. The damages visible in Image 0 on the front-left fender, bumper, and missing wheel cover are already registered under IDs 79652, 81637, and 76365. The light scuffs on the exterior mirror in Image 1 are minor cosmetic marks and contain a clear reflection of a person, which triggers a DISCARD under GDPR rules (Rule E).",None,QA_Images\Page_6_Report_14,,,,,,
2026-05-28 17:04:08,6,15,DISCARD,"A person's face is clearly reflected in the glossy black car paint in image 0 showing minor cosmetic scratches. Under GDPR compliance rules (Rule E), reports with such reflections must be discarded.",None,QA_Images\Page_6_Report_15,,,,,,
2026-05-28 17:04:22,6,16,NEW_DAMAGE,"A new scuffed damage was found on the rear passenger door (rear right), which is not registered in the existing damages list (all previously registered damages are located on the front-left).",Door (Scuffed),QA_Images\Page_6_Report_16,,,,,,
2026-05-28 17:04:40,6,17,DISCARD,"The bump/dent damage on the passenger side rear door is already registered under ID 80356 (REAR_RIGHT, DOOR, BUMP_DENT, TWO_HANDS).",None,QA_Images\Page_6_Report_17,,,,,,
2026-05-28 17:04:50,6,18,DISCARD,The visible bump/dent on the front-left fender is already registered under ID 46178. No other distinct new damages are detected.,None,QA_Images\Page_6_Report_18,,,,,,
2026-05-28 17:05:00,6,19,NEW_DAMAGE,Found a distinct new scratch on the passenger side rear side panel near the fuel door and wheel arch.,Side panel (Scratch),QA_Images\Page_6_Report_19,,,,,,
2026-05-28 17:05:30,6,20,NEW_DAMAGE,Found distinct new cosmetic and structural damages on the front and rear bumper corners.,Bumper (Loose) | Bumper (Scratch),QA_Images\Page_6_Report_20,,,,,,
2026-05-28 17:05:58,6,21,NEW_DAMAGE,"Found a new damage: the rear wiper is missing its cap/blade assembly, which is not registered in the existing damages.",Wiper (Missing),QA_Images\Page_6_Report_21,,,,,,
2026-05-28 17:06:15,6,22,DISCARD,"The visible damage shown in the images, specifically the missing front right wheel cover, is already registered under ID 62362. No other new, unregistered damages were detected.",None,QA_Images\Page_6_Report_22,,,,,,
2026-05-28 17:06:33,6,23,DISCARD,"The scratch on the engine hood in Image 1 is already registered in the system (Damage ID 81745). The new minor cosmetic scratch on the rear passenger-side bumper in Image 0 cannot be processed because there is a clear reflection of a person in the car's paint, triggering Rule E (GDPR discard).",None,QA_Images\Page_6_Report_23,,,,,,
2026-05-28 17:06:44,6,24,DISCARD,No new visible damages were identified on the permitted components in the provided image.,None,QA_Images\Page_6_Report_24,,,,,,
2026-05-28 17:06:59,6,25,DISCARD,"The damages visible on the rear-left of the vehicle in Images 1 and 2 (scuffed bumper, fender damage, and missing wheel cover) are already registered under IDs 80643, 51288, and 70401. The only potential new damage is shown in Image 0 (front-left fender/bumper scratches), but this image contains a clear reflection of a person's face and body in the vehicle paint. According to GDPR Rule E, if a person is reflected in the car paint for minor cosmetic damage, the status must be set to DISCARD.",None,QA_Images\Page_6_Report_25,,,,,,
2026-05-28 17:07:13,6,26,MANUAL_REVIEW,Graffiti/paint vandalism detected on the rear door in image 1 (Rule B).,Trunklid (Scuffed),QA_Images\Page_6_Report_26,,,,,,
2026-05-28 17:07:30,6,27,NEW_DAMAGE,Identified a new bump/dent on the lower section of the front left door (driver's door) which is not listed in the existing registered damages.,Door (Bump/dent),QA_Images\Page_6_Report_27,,,,,,
2026-05-28 17:07:48,6,28,NEW_DAMAGE,Found a cosmetic scratch on the driver-side front exterior mirror cover.,Exterior mirror (Scratch),QA_Images\Page_6_Report_28,,,,,,
2026-05-28 17:08:27,6,29,MANUAL_REVIEW,"Graffiti/vandalism ('KKK' symbol scratched on the passenger side) detected on the vehicle, requiring manual review under Rule B.",Door (Scratch),QA_Images\Page_6_Report_29,,,,,,
2026-05-28 17:08:39,6,30,NEW_DAMAGE,Found a new minor scratch on the passenger side rear bumper corner that is not currently registered.,Bumper (Scratch),QA_Images\Page_6_Report_30,,,,,,
2026-05-28 17:08:56,6,31,NEW_DAMAGE,"A new scratch has been identified on the rear left side panel (Driver Side - Rear), which is distinct from the already registered damage on the rear left door.",Side panel (Scratch),QA_Images\Page_6_Report_31,,,,,,
2026-05-28 17:09:31,6,32,DISCARD,"A person is clearly reflected in the car paint (lower body/legs in floral clothing) next to minor cosmetic scratches, which violates GDPR guidelines under Rule E.",None,QA_Images\Page_6_Report_32,,,,,,
2026-05-28 17:09:40,6,33,DISCARD,"The visible scuff damage on the driver-side rear bumper is already registered under ID 56783 (REAR_LEFT, BUMPER, SCUFFED). Scratches on the wheel cover are ignored per Rule C.",None,QA_Images\Page_6_Report_332026-05-29 16:03:33,1,20,DISCARD,"No new distinct damages were found. Existing damages are already registered, and any potential minor cosmetic areas show clear reflections of a person in the car paint, triggering the GDPR discard rule.",None,QA_Images\Page_1_Report_20
2026-05-29 16:03:46,1,21,DISCARD,"A person is clearly reflected in the car paint in the images showing the minor cosmetic damage, which violates Rule E (GDPR).",None,QA_Images\Page_1_Report_21
2026-05-29 16:03:54,1,22,ERROR,Failed to get response from AI.,None,QA_Images\Page_1_Report_22
2026-05-29 16:04:44,1,23,DISCARD,All observed damages (including the scuffed rear-left bumper and front-left bumper damage) are already registered in the system. The missing wheel covers are either already registered or fall under the rule to be ignored (Rule C).,None,QA_Images\Page_1_Report_23
2026-05-29 16:04:55,1,24,ERROR,Failed to get response from AI.,None,QA_Images\Page_1_Report_24
2026-05-29 16:05:05,1,25,ERROR,Failed to get response from AI.,None,QA_Images\Page_1_Report_25
2026-05-29 16:05:12,1,26,ERROR,Failed to get response from AI.,None,QA_Images\Page_1_Report_26
2026-05-29 16:05:18,1,27,ERROR,Failed to get response from AI.,None,QA_Images\Page_1_Report_27
2026-05-29 16:05:26,1,28,ERROR,Failed to get response from AI.,None,QA_Images\Page_1_Report_28
2026-05-29 16:05:43,1,29,ERROR,Failed to get response from AI.,None,QA_Images\Page_1_Report_29
2026-05-29 16:05:50,1,30,ERROR,Failed to get response from AI.,None,QA_Images\Page_1_Report_30
2026-05-29 16:05:58,1,31,ERROR,Failed to get response from AI.,None,QA_Images\Page_1_Report_31
2026-05-29 16:06:04,1,32,ERROR,Failed to get response from AI.,None,QA_Images\Page_1_Report_32
2026-05-29 16:06:12,1,33,ERROR,Failed to get response from AI.,None,QA_Images\Page_1_Report_33
2026-05-29 16:06:23,1,34,ERROR,Failed to get response from AI.,None,QA_Images\Page_1_Report_34
2026-05-29 16:06:31,1,35,ERROR,Failed to get response from AI.,None,QA_Images\Page_1_Report_35
2026-05-29 16:06:37,1,36,ERROR,Failed to get response from AI.,None,QA_Images\Page_1_Report_36
2026-05-29 16:06:43,1,37,ERROR,Failed to get response from AI.,None,QA_Images\Page_1_Report_37
2026-05-29 16:06:50,1,38,ERROR,Failed to get response from AI.,None,QA_Images\Page_1_Report_38
2026-05-29 16:07:00,1,39,ERROR,Failed to get response from AI.,None,QA_Images\Page_1_Report_39
2026-05-29 16:07:06,1,40,ERROR,Failed to get response from AI.,None,QA_Images\Page_1_Report_40
2026-05-29 16:07:12,1,41,ERROR,Failed to get response from AI.,None,QA_Images\Page_1_Report_41
2026-05-29 16:07:19,1,42,ERROR,Failed to get response from AI.,None,QA_Images\Page_1_Report_42
2026-05-29 16:07:26,1,43,ERROR,Failed to get response from AI.,None,QA_Images\Page_1_Report_43
2026-05-29 16:07:32,1,44,ERROR,Failed to get response from AI.,None,QA_Images\Page_1_Report_44
2026-05-29 16:07:38,1,45,ERROR,Failed to get response from AI.,None,QA_Images\Page_1_Report_45
2026-05-29 16:07:45,1,46,ERROR,Failed to get response from AI.,None,QA_Images\Page_1_Report_46
2026-05-29 16:07:53,1,47,ERROR,Failed to get response from AI.,None,QA_Images\Page_1_Report_47
2026-05-29 16:08:01,1,48,ERROR,Failed to get response from AI.,None,QA_Images\Page_1_Report_48
2026-05-29 16:08:09,1,49,ERROR,Failed to get response from AI.,None,QA_Images\Page_1_Report_49
2026-05-29 16:08:17,1,50,ERROR,Failed to get response from AI.,None,QA_Images\Page_1_Report_50
2026-05-29 16:08:26,1,51,ERROR,Failed to get response from AI.,None,QA_Images\Page_1_Report_51
2026-05-29 16:08:33,1,52,ERROR,Failed to get response from AI.,None,QA_Images\Page_1_Report_52
2026-05-29 16:08:46,1,53,ERROR,Failed to get response from AI.,None,QA_Images\Page_1_Report_53
2026-05-29 16:08:52,1,54,ERROR,Failed to get response from AI.,None,QA_Images\Page_1_Report_54
2026-05-29 16:09:01,1,55,ERROR,Failed to get response from AI.,None,QA_Images\Page_1_Report_55
2026-05-29 16:09:08,1,56,ERROR,Failed to get response from AI.,None,QA_Images\Page_1_Report_56
2026-05-29 16:09:27,1,57,DISCARD,"All damages visible in the images are already registered in the system. Image 0 shows the missing rear-right wheel cover (ID 85618) and the rear-right bumper scratch/scuff (IDs 67595, 91769). Image 1 shows the front-left bumper scuff (ID 83186). Images 2 and 3 do not show any new reportable damages.",None,QA_Images\Page_1_Report_57
2026-05-29 18:10:50,1,1,DISCARD,"The visible scuff on the driver's side front door is already registered under ID 93161 (FRONT_LEFT, DOOR, SCUFFED). Scratches on the wheel cover are ignored per Rule C.",None,QA_Images\Page_1_Report_1
